selection_id,source_id,figure,article_page,run,material_id,diameter_cm,gas_temperature_degC,gas_velocity_m_s,quantity,role,x_px,y_px,x_readout_halfwidth_px,y_readout_halfwidth_px,axis_readout_halfwidth_px,time_min,time_s,time_readout_lower_s,time_readout_upper_s,time_readout_bound_s,value_degC,temperature_readout_lower_degC,temperature_readout_upper_degC,temperature_readout_bound_degC,plotted_sd_degC,selection_method
figure8-red-001,SRC_NYLEN_2024_BIOSOLIDS_DRYING,8,2052,6,MSJ,4,138,2.4,internal_temperature_degC,development,851.5,493.5,3,3,1,115.887096774,6953.225806452,6914.516129032,6991.935483871,38.709677419,61.624685139,60.919395466,62.329974811,0.705289673,,reviewed_isolated_eroded_core
figure8-red-002,SRC_NYLEN_2024_BIOSOLIDS_DRYING,8,2052,6,MSJ,4,138,2.4,internal_temperature_degC,development,857.5,470.5,3,3,1,116.85483871,7011.290322581,6972.580645161,7050.0,38.709677419,65.680100756,64.974811083,66.385390428,0.705289673,,reviewed_isolated_eroded_core
figure8-red-003,SRC_NYLEN_2024_BIOSOLIDS_DRYING,8,2052,6,MSJ,4,138,2.4,internal_temperature_degC,development,864.5,428.5,3,3,1,117.983870968,7079.032258065,7040.322580645,7117.741935484,38.709677419,73.085642317,72.380352645,73.79093199,0.705289673,,reviewed_isolated_eroded_core
figure8-red-004,SRC_NYLEN_2024_BIOSOLIDS_DRYING,8,2052,6,MSJ,4,138,2.4,internal_temperature_degC,development,870.5,379.5,3,3,1,118.951612903,7137.096774194,7098.387096774,7175.806451613,38.709677419,81.725440806,81.020151134,82.430730479,0.705289673,,reviewed_isolated_eroded_core
figure8-red-005,SRC_NYLEN_2024_BIOSOLIDS_DRYING,8,2052,6,MSJ,4,138,2.4,internal_temperature_degC,development,876.5,337.5,3,3,1,119.919354839,7195.161290323,7156.451612903,7233.870967742,38.709677419,89.130982368,88.425692695,89.83627204,0.705289673,,reviewed_isolated_eroded_core
figure8-red-006,SRC_NYLEN_2024_BIOSOLIDS_DRYING,8,2052,6,MSJ,4,138,2.4,internal_temperature_degC,development,882.5,297.5,3,3,1,120.887096774,7253.225806452,7214.516129032,7291.935483871,38.709677419,96.183879093,95.478589421,96.889168766,0.705289673,,reviewed_isolated_eroded_core
figure8-red-007,SRC_NYLEN_2024_BIOSOLIDS_DRYING,8,2052,6,MSJ,4,138,2.4,internal_temperature_degC,development,888.5,266.5,3,3,1,121.85483871,7311.290322581,7272.580645161,7350.0,38.709677419,101.649874055,100.944584383,102.355163728,0.705289673,,reviewed_isolated_eroded_core
figure8-red-008,SRC_NYLEN_2024_BIOSOLIDS_DRYING,8,2052,6,MSJ,4,138,2.4,internal_temperature_degC,development,894.5,226.5,3,3,1,122.822580645,7369.35483871,7330.64516129,7408.064516129,38.709677419,108.702770781,107.997481108,109.408060453,0.705289673,,reviewed_isolated_eroded_core
figure8-red-009,SRC_NYLEN_2024_BIOSOLIDS_DRYING,8,2052,6,MSJ,4,138,2.4,internal_temperature_degC,development,901.0,184.0,3,3,1,123.870967742,7432.258064516,7393.548387097,7470.967741935,38.709677419,116.196473552,115.491183879,116.901763224,0.705289673,,reviewed_isolated_eroded_core
figure8-red-010,SRC_NYLEN_2024_BIOSOLIDS_DRYING,8,2052,6,MSJ,4,138,2.4,internal_temperature_degC,development,907.5,138.5,3,3,1,124.919354839,7495.161290323,7456.451612903,7533.870967742,38.709677419,124.219143577,123.513853904,124.924433249,0.705289673,,reviewed_isolated_eroded_core
figure8-red-011,SRC_NYLEN_2024_BIOSOLIDS_DRYING,8,2052,6,MSJ,4,138,2.4,internal_temperature_degC,development,913.5,107.5,3,3,1,125.887096774,7553.225806452,7514.516129032,7591.935483871,38.709677419,129.685138539,128.979848866,130.390428212,0.705289673,,reviewed_isolated_eroded_core
figure8-red-012,SRC_NYLEN_2024_BIOSOLIDS_DRYING,8,2052,6,MSJ,4,138,2.4,internal_temperature_degC,development,919.5,87.5,3,3,1,126.85483871,7611.290322581,7572.580645161,7650.0,38.709677419,133.211586902,132.506297229,133.916876574,0.705289673,,reviewed_isolated_eroded_core
figure8-blue-001,SRC_NYLEN_2024_BIOSOLIDS_DRYING,8,2052,7,CB,2,138,2.4,internal_temperature_degC,development,140.5,676.0,4,4,1,1.209677419,72.580645161,24.193548387,120.967741935,48.387096774,29.445843829,28.564231738,30.327455919,0.881612091,,reviewed_isolated_eroded_core
figure8-blue-002,SRC_NYLEN_2024_BIOSOLIDS_DRYING,8,2052,7,CB,2,138,2.4,internal_temperature_degC,development,145.0,642.5,4,4,1,1.935483871,116.129032258,67.741935484,164.516129032,48.387096774,35.352644836,34.471032746,36.234256927,0.881612091,,reviewed_isolated_eroded_core
figure8-blue-003,SRC_NYLEN_2024_BIOSOLIDS_DRYING,8,2052,7,CB,2,138,2.4,internal_temperature_degC,development,412.0,475.0,4,4,1,45.0,2700.0,2651.612903226,2748.387096774,48.387096774,64.886649874,64.005037783,65.768261965,0.881612091,,reviewed_isolated_eroded_core
figure8-blue-004,SRC_NYLEN_2024_BIOSOLIDS_DRYING,8,2052,7,CB,2,138,2.4,internal_temperature_degC,development,418.0,454.0,4,4,1,45.967741935,2758.064516129,2709.677419355,2806.451612903,48.387096774,68.589420655,67.707808564,69.471032746,0.881612091,,reviewed_isolated_eroded_core
figure8-blue-005,SRC_NYLEN_2024_BIOSOLIDS_DRYING,8,2052,7,CB,2,138,2.4,internal_temperature_degC,development,424.5,420.0,4,4,1,47.016129032,2820.967741935,2772.580645161,2869.35483871,48.387096774,74.584382872,73.702770781,75.465994962,0.881612091,,reviewed_isolated_eroded_core
figure8-blue-006,SRC_NYLEN_2024_BIOSOLIDS_DRYING,8,2052,7,CB,2,138,2.4,internal_temperature_degC,development,430.5,403.0,4,4,1,47.983870968,2879.032258065,2830.64516129,2927.419354839,48.387096774,77.58186398,76.700251889,78.463476071,0.881612091,,reviewed_isolated_eroded_core
figure8-blue-007,SRC_NYLEN_2024_BIOSOLIDS_DRYING,8,2052,7,CB,2,138,2.4,internal_temperature_degC,development,436.0,375.0,4,4,1,48.870967742,2932.258064516,2883.870967742,2980.64516129,48.387096774,82.518891688,81.637279597,83.400503778,0.881612091,,reviewed_isolated_eroded_core
figure8-blue-008,SRC_NYLEN_2024_BIOSOLIDS_DRYING,8,2052,7,CB,2,138,2.4,internal_temperature_degC,development,442.5,346.0,4,4,1,49.919354839,2995.161290323,2946.774193548,3043.548387097,48.387096774,87.632241814,86.750629723,88.513853904,0.881612091,,reviewed_isolated_eroded_core
figure8-blue-009,SRC_NYLEN_2024_BIOSOLIDS_DRYING,8,2052,7,CB,2,138,2.4,internal_temperature_degC,development,449.0,321.5,4,4,1,50.967741935,3058.064516129,3009.677419355,3106.451612903,48.387096774,91.952141058,91.070528967,92.833753149,0.881612091,,reviewed_isolated_eroded_core
figure8-blue-010,SRC_NYLEN_2024_BIOSOLIDS_DRYING,8,2052,7,CB,2,138,2.4,internal_temperature_degC,development,455.5,306.5,4,4,1,52.016129032,3120.967741935,3072.580645161,3169.35483871,48.387096774,94.59697733,93.715365239,95.478589421,0.881612091,,reviewed_isolated_eroded_core
figure8-blue-011,SRC_NYLEN_2024_BIOSOLIDS_DRYING,8,2052,7,CB,2,138,2.4,internal_temperature_degC,development,461.5,276.5,4,4,1,52.983870968,3179.032258065,3130.64516129,3227.419354839,48.387096774,99.886649874,99.005037783,100.768261965,0.881612091,,reviewed_isolated_eroded_core
figure8-blue-012,SRC_NYLEN_2024_BIOSOLIDS_DRYING,8,2052,7,CB,2,138,2.4,internal_temperature_degC,development,467.5,252.0,4,4,1,53.951612903,3237.096774194,3188.709677419,3285.483870968,48.387096774,104.206549118,103.324937028,105.088161209,0.881612091,,reviewed_isolated_eroded_core
figure8-blue-013,SRC_NYLEN_2024_BIOSOLIDS_DRYING,8,2052,7,CB,2,138,2.4,internal_temperature_degC,development,473.5,221.0,4,4,1,54.919354839,3295.161290323,3246.774193548,3343.548387097,48.387096774,109.672544081,108.79093199,110.554156171,0.881612091,,reviewed_isolated_eroded_core
figure8-blue-014,SRC_NYLEN_2024_BIOSOLIDS_DRYING,8,2052,7,CB,2,138,2.4,internal_temperature_degC,development,480.0,174.0,4,4,1,55.967741935,3358.064516129,3309.677419355,3406.451612903,48.387096774,117.959697733,117.078085642,118.841309824,0.881612091,,reviewed_isolated_eroded_core
figure8-blue-015,SRC_NYLEN_2024_BIOSOLIDS_DRYING,8,2052,7,CB,2,138,2.4,internal_temperature_degC,development,486.0,151.0,4,4,1,56.935483871,3416.129032258,3367.741935484,3464.516129032,48.387096774,122.01511335,121.133501259,122.896725441,0.881612091,,reviewed_isolated_eroded_core
figure8-green-001,SRC_NYLEN_2024_BIOSOLIDS_DRYING,8,2052,10,CB,4,138,2.4,internal_temperature_degC,development,982.0,457.5,4,4,1,136.935483871,8216.129032258,8167.741935484,8264.516129032,48.387096774,67.972292191,67.090680101,68.853904282,0.881612091,,reviewed_isolated_eroded_core
figure8-green-002,SRC_NYLEN_2024_BIOSOLIDS_DRYING,8,2052,10,CB,4,138,2.4,internal_temperature_degC,development,988.0,421.0,4,4,1,137.903225806,8274.193548387,8225.806451613,8322.580645161,48.387096774,74.408060453,73.526448363,75.289672544,0.881612091,,reviewed_isolated_eroded_core
figure8-green-003,SRC_NYLEN_2024_BIOSOLIDS_DRYING,8,2052,10,CB,4,138,2.4,internal_temperature_degC,development,994.0,390.0,4,4,1,138.870967742,8332.258064516,8283.870967742,8380.64516129,48.387096774,79.874055416,78.992443325,80.755667506,0.881612091,,reviewed_isolated_eroded_core
figure8-green-004,SRC_NYLEN_2024_BIOSOLIDS_DRYING,8,2052,10,CB,4,138,2.4,internal_temperature_degC,development,1000.5,329.5,4,4,1,139.919354839,8395.161290323,8346.774193548,8443.548387097,48.387096774,90.541561713,89.659949622,91.423173804,0.881612091,,reviewed_isolated_eroded_core
figure8-green-005,SRC_NYLEN_2024_BIOSOLIDS_DRYING,8,2052,10,CB,4,138,2.4,internal_temperature_degC,development,1006.5,265.0,4,4,1,140.887096774,8453.225806452,8404.838709677,8501.612903226,48.387096774,101.914357683,101.032745592,102.795969773,0.881612091,,reviewed_isolated_eroded_core
figure8-green-006,SRC_NYLEN_2024_BIOSOLIDS_DRYING,8,2052,10,CB,4,138,2.4,internal_temperature_degC,development,1013.0,228.0,4,4,1,141.935483871,8516.129032258,8467.741935484,8564.516129032,48.387096774,108.438287154,107.556675063,109.319899244,0.881612091,,reviewed_isolated_eroded_core
figure8-green-007,SRC_NYLEN_2024_BIOSOLIDS_DRYING,8,2052,10,CB,4,138,2.4,internal_temperature_degC,development,1019.0,208.0,4,4,1,142.903225806,8574.193548387,8525.806451613,8622.580645161,48.387096774,111.964735516,111.083123426,112.846347607,0.881612091,,reviewed_isolated_eroded_core
figure8-green-008,SRC_NYLEN_2024_BIOSOLIDS_DRYING,8,2052,10,CB,4,138,2.4,internal_temperature_degC,development,1025.5,177.0,4,4,1,143.951612903,8637.096774194,8588.709677419,8685.483870968,48.387096774,117.430730479,116.549118388,118.312342569,0.881612091,,reviewed_isolated_eroded_core
figure8-gray-001,SRC_NYLEN_2024_BIOSOLIDS_DRYING,8,2052,1,MSJ,2,138,2.4,internal_temperature_degC,development,387.0,441.5,3,3,1,40.967741935,2458.064516129,2419.35483871,2496.774193548,38.709677419,70.793450882,70.088161209,71.498740554,0.705289673,,reviewed_isolated_eroded_core
figure8-gray-002,SRC_NYLEN_2024_BIOSOLIDS_DRYING,8,2052,1,MSJ,2,138,2.4,internal_temperature_degC,development,393.0,419.0,3,3,1,41.935483871,2516.129032258,2477.419354839,2554.838709677,38.709677419,74.76070529,74.055415617,75.465994962,0.705289673,,reviewed_isolated_eroded_core
figure8-gray-003,SRC_NYLEN_2024_BIOSOLIDS_DRYING,8,2052,1,MSJ,2,138,2.4,internal_temperature_degC,development,400,390,3,3,1,43.064516129,2583.870967742,2545.161290323,2622.580645161,38.709677419,79.874055416,79.168765743,80.579345088,0.705289673,,manual_review_overlap
figure8-gray-004,SRC_NYLEN_2024_BIOSOLIDS_DRYING,8,2052,1,MSJ,2,138,2.4,internal_temperature_degC,development,405.5,347.0,3,3,1,43.951612903,2637.096774194,2598.387096774,2675.806451613,38.709677419,87.455919395,86.750629723,88.161209068,0.705289673,,reviewed_isolated_eroded_core
figure8-gray-005,SRC_NYLEN_2024_BIOSOLIDS_DRYING,8,2052,1,MSJ,2,138,2.4,internal_temperature_degC,development,411.5,284.5,3,3,1,44.919354839,2695.161290323,2656.451612903,2733.870967742,38.709677419,98.476070529,97.770780856,99.181360202,0.705289673,,reviewed_isolated_eroded_core
figure8-gray-006,SRC_NYLEN_2024_BIOSOLIDS_DRYING,8,2052,1,MSJ,2,138,2.4,internal_temperature_degC,development,418.0,225.5,3,3,1,45.967741935,2758.064516129,2719.35483871,2796.774193548,38.709677419,108.879093199,108.173803526,109.584382872,0.705289673,,reviewed_isolated_eroded_core
figure8-gray-007,SRC_NYLEN_2024_BIOSOLIDS_DRYING,8,2052,1,MSJ,2,138,2.4,internal_temperature_degC,development,424.0,174.5,3,3,1,46.935483871,2816.129032258,2777.419354839,2854.838709677,38.709677419,117.871536524,117.166246851,118.576826196,0.705289673,,reviewed_isolated_eroded_core
figure8-gray-008,SRC_NYLEN_2024_BIOSOLIDS_DRYING,8,2052,1,MSJ,2,138,2.4,internal_temperature_degC,development,430.5,129.5,3,3,1,47.983870968,2879.032258065,2840.322580645,2917.741935484,38.709677419,125.80604534,125.100755668,126.511335013,0.705289673,,reviewed_isolated_eroded_core
