source_id,source_locator,source_row,time_min_readback,mass_readback,mass_unit_interpretation,surface_temperature_C_readback,saved_csv_row,numeric_fields_match
SILVA2009,PDF196 printed170 TableA3,1,0,3055,g,26.0,2,True
SILVA2009,PDF196 printed170 TableA3,2,10,3038,g,36.5,3,True
SILVA2009,PDF196 printed170 TableA3,3,20,3016,g,38.2,4,True
SILVA2009,PDF196 printed170 TableA3,4,30,2995,g,36.5,5,True
SILVA2009,PDF196 printed170 TableA3,5,40,2974,g,37.0,6,True
SILVA2009,PDF196 printed170 TableA3,6,50,2954,g,38.6,7,True
SILVA2009,PDF196 printed170 TableA3,7,60,2933,g,39.0,8,True
SILVA2009,PDF196 printed170 TableA3,8,70,2910,g,41.0,9,True
SILVA2009,PDF196 printed170 TableA3,9,80,2894,g,39.0,10,True
SILVA2009,PDF196 printed170 TableA3,10,90,2880,g,40.3,11,True
SILVA2009,PDF196 printed170 TableA3,11,100,2865,g,41.2,12,True
SILVA2009,PDF196 printed170 TableA3,12,110,2847,g,41.7,13,True
SILVA2009,PDF196 printed170 TableA3,13,120,2835,g,41.3,14,True
SILVA2009,PDF196 printed170 TableA3,14,130,2820,g,43.0,15,True
SILVA2009,PDF196 printed170 TableA3,15,140,2807,g,42.5,16,True
SILVA2009,PDF196 printed170 TableA3,16,150,2795,g,42.5,17,True
SILVA2009,PDF196 printed170 TableA3,17,160,2783,g,46.2,18,True
SILVA2009,PDF196 printed170 TableA3,18,170,2770,g,46.9,19,True
SILVA2009,PDF196 printed170 TableA3,19,180,2761,g,47.7,20,True
SILVA2009,PDF196 printed170 TableA3,20,190,2753,g,48.2,21,True
SILVA2009,PDF196 printed170 TableA3,21,200,2744,g,50.1,22,True
SILVA2009,PDF196 printed170 TableA3,22,210,2737,g,52.1,23,True
SILVA2009,PDF196 printed170 TableA3,23,220,2732,g,52.2,24,True
SILVA2009,PDF196 printed170 TableA3,24,230,2725,g,53.2,25,True
SILVA2009,PDF196 printed170 TableA3,25,240,2718,g,53.8,26,True
SILVA2009,PDF196 printed170 TableA3,26,250,2714,g,54.8,27,True
SILVA2009,PDF196 printed170 TableA3,27,260,2710,g,55.3,28,True
SILVA2009,PDF196 printed170 TableA3,28,290,2697,g,59.7,29,True
SILVA2009,PDF196 printed170 TableA3,29,320,2687,g,60.6,30,True
SILVA2009,PDF196 printed170 TableA3,30,350,2679,g,61.5,31,True
SILVA2009,PDF196 printed170 TableA3,31,380,2674,g,62.3,32,True
SILVA2009,PDF196 printed170 TableA3,32,410,2670,g,63.0,33,True
SILVA2009,PDF196 printed170 TableA3,33,440,2666,g,62.3,34,True
SILVA2009,PDF196 printed170 TableA3,34,470,2665,g,62.5,35,True
SILVA2009,PDF196 printed170 TableA3,35,530,2659,g,62.9,36,True
SILVA2009,PDF196 printed170 TableA3,36,590,2656,g,64.1,37,True
SILVA2009,PDF196 printed170 TableA3,37,650,2655,g,63.3,38,True
SILVA2009,PDF196 printed170 TableA3,38,710,2653,g,64.1,39,True
SILVA2009,PDF196 printed170 TableA3,39,770,2652,g,64.7,40,True
SILVA2009,PDF196 printed170 TableA3,40,830,2651,g,64.7,41,True
SILVA2009,PDF196 printed170 TableA3,41,890,2650,g,63.8,42,True
SILVA2009,PDF196 printed170 TableA3,42,950,2650,g,63.6,43,True
SILVA2009,PDF196 printed170 TableA3,43,1010,2650,g,62.3,44,True
SILVA2009,PDF196 printed170 TableA3,44,1070,2649,g,64.5,45,True
SILVA2009,PDF196 printed170 TableA3,45,2510,2647,g,64.8,46,True
SILVA2009,PDF196 printed170 TableA3,46,3950,2647,g,63.7,47,True
SILVA2018,PDF159-162 TablesC.1/C.2,1,0,7.316,kg_from_nomenclature,29.8,2,True
SILVA2018,PDF159-162 TablesC.1/C.2,2,5,7.300,kg_from_nomenclature,35.7,3,True
SILVA2018,PDF159-162 TablesC.1/C.2,3,10,7.287,kg_from_nomenclature,36.7,4,True
SILVA2018,PDF159-162 TablesC.1/C.2,4,15,7.270,kg_from_nomenclature,38.6,5,True
SILVA2018,PDF159-162 TablesC.1/C.2,5,20,7.258,kg_from_nomenclature,37.6,6,True
SILVA2018,PDF159-162 TablesC.1/C.2,6,25,7.241,kg_from_nomenclature,40.0,7,True
SILVA2018,PDF159-162 TablesC.1/C.2,7,30,7.223,kg_from_nomenclature,40.3,8,True
SILVA2018,PDF159-162 TablesC.1/C.2,8,40,7.182,kg_from_nomenclature,43.2,9,True
SILVA2018,PDF159-162 TablesC.1/C.2,9,50,7.136,kg_from_nomenclature,45.2,10,True
SILVA2018,PDF159-162 TablesC.1/C.2,10,60,7.112,kg_from_nomenclature,47.8,11,True
SILVA2018,PDF159-162 TablesC.1/C.2,11,70,7.077,kg_from_nomenclature,48.7,12,True
SILVA2018,PDF159-162 TablesC.1/C.2,12,80,7.040,kg_from_nomenclature,49.4,13,True
SILVA2018,PDF159-162 TablesC.1/C.2,13,90,7.003,kg_from_nomenclature,50.9,14,True
SILVA2018,PDF159-162 TablesC.1/C.2,14,120,6.897,kg_from_nomenclature,56.7,15,True
SILVA2018,PDF159-162 TablesC.1/C.2,15,150,6.795,kg_from_nomenclature,58.5,16,True
SILVA2018,PDF159-162 TablesC.1/C.2,16,180,6.713,kg_from_nomenclature,60.1,17,True
SILVA2018,PDF159-162 TablesC.1/C.2,17,210,6.643,kg_from_nomenclature,62.7,18,True
SILVA2018,PDF159-162 TablesC.1/C.2,18,240,6.590,kg_from_nomenclature,62.2,19,True
SILVA2018,PDF159-162 TablesC.1/C.2,19,270,6.540,kg_from_nomenclature,62.2,20,True
SILVA2018,PDF159-162 TablesC.1/C.2,20,330,6.468,kg_from_nomenclature,63.2,21,True
SILVA2018,PDF159-162 TablesC.1/C.2,21,390,6.420,kg_from_nomenclature,64.3,22,True
SILVA2018,PDF159-162 TablesC.1/C.2,22,450,6.385,kg_from_nomenclature,64.1,23,True
SILVA2018,PDF159-162 TablesC.1/C.2,23,510,6.363,kg_from_nomenclature,64.5,24,True
SILVA2018,PDF159-162 TablesC.1/C.2,24,570,6.345,kg_from_nomenclature,66.0,25,True
SILVA2018,PDF159-162 TablesC.1/C.2,25,630,6.335,kg_from_nomenclature,64.5,26,True
SILVA2018,PDF159-162 TablesC.1/C.2,26,690,6.327,kg_from_nomenclature,67.0,27,True
SILVA2018,PDF159-162 TablesC.1/C.2,27,750,6.321,kg_from_nomenclature,64.7,28,True
SILVA2018,PDF159-162 TablesC.1/C.2,28,810,6.316,kg_from_nomenclature,65.6,29,True
SILVA2018,PDF159-162 TablesC.1/C.2,29,870,6.311,kg_from_nomenclature,59.9,30,True
SILVA2018,PDF159-162 TablesC.1/C.2,30,930,6.311,kg_from_nomenclature,63.5,31,True
SILVA2018,PDF159-162 TablesC.1/C.2,31,990,6.307,kg_from_nomenclature,60.5,32,True
SILVA2018,PDF159-162 TablesC.1/C.2,32,2430,6.296,kg_from_nomenclature,64.7,33,True
SILVA2018,PDF159-162 TablesC.1/C.2,33,3870,6.252,kg_from_nomenclature,89.5,34,True
