source_id,material_id,temperature_C,relative_humidity_percent,time_min,moisture_ratio,readout_bound_MR,experimental_uncertainty_MR,source_kind,upstream_observation_kind,locator,image,pixel_x,pixel_y,method,calibration_role,independent_material
SRC_WANG_2021_SLUDGE_DRYING,mianyang_qixingba_sludge,40,30,0,1.0,0.0,,derived_from_evidence,reported_experimental_curve,PDF p5 Figure3a,figures/wang2021-figure3-ab.png,96,37.0,initial_normalization_defined_by_source_eq2,unassigned,False
SRC_WANG_2021_SLUDGE_DRYING,mianyang_qixingba_sludge,40,30,10,0.882716,0.023148,,derived_from_evidence,reported_experimental_curve,PDF p5 Figure3a,figures/wang2021-figure3-ab.png,113,75,color_symbol_pixel_readout,unassigned,False
SRC_WANG_2021_SLUDGE_DRYING,mianyang_qixingba_sludge,40,30,20,0.762346,0.023148,,derived_from_evidence,reported_experimental_curve,PDF p5 Figure3a,figures/wang2021-figure3-ab.png,130,114,color_symbol_pixel_readout,unassigned,False
SRC_WANG_2021_SLUDGE_DRYING,mianyang_qixingba_sludge,40,30,30,0.648148,0.021605,,derived_from_evidence,reported_experimental_curve,PDF p5 Figure3a,figures/wang2021-figure3-ab.png,147,151,color_symbol_pixel_readout,unassigned,False
SRC_WANG_2021_SLUDGE_DRYING,mianyang_qixingba_sludge,40,30,40,0.535494,0.020062,,derived_from_evidence,reported_experimental_curve,PDF p5 Figure3a,figures/wang2021-figure3-ab.png,164,187.5,color_symbol_pixel_readout,unassigned,False
SRC_WANG_2021_SLUDGE_DRYING,mianyang_qixingba_sludge,40,30,50,0.438272,0.015432,,derived_from_evidence,reported_experimental_curve,PDF p5 Figure3a,figures/wang2021-figure3-ab.png,180,219.0,color_symbol_pixel_readout,unassigned,False
SRC_WANG_2021_SLUDGE_DRYING,mianyang_qixingba_sludge,40,30,60,0.345679,0.015432,,derived_from_evidence,reported_experimental_curve,PDF p5 Figure3a,figures/wang2021-figure3-ab.png,197,249,color_symbol_pixel_readout,unassigned,False
SRC_WANG_2021_SLUDGE_DRYING,mianyang_qixingba_sludge,40,30,70,0.262346,0.013889,,derived_from_evidence,reported_experimental_curve,PDF p5 Figure3a,figures/wang2021-figure3-ab.png,214,276,color_symbol_pixel_readout,unassigned,False
SRC_WANG_2021_SLUDGE_DRYING,mianyang_qixingba_sludge,40,30,80,0.191358,0.012346,,derived_from_evidence,reported_experimental_curve,PDF p5 Figure3a,figures/wang2021-figure3-ab.png,231,299.0,color_symbol_pixel_readout,unassigned,False
SRC_WANG_2021_SLUDGE_DRYING,mianyang_qixingba_sludge,40,30,90,0.12037,0.013889,,derived_from_evidence,reported_experimental_curve,PDF p5 Figure3a,figures/wang2021-figure3-ab.png,248,322.0,color_symbol_pixel_readout,unassigned,False
SRC_WANG_2021_SLUDGE_DRYING,mianyang_qixingba_sludge,40,30,100,0.083333,0.012346,,derived_from_evidence,reported_experimental_curve,PDF p5 Figure3a,figures/wang2021-figure3-ab.png,265,334,color_symbol_pixel_readout,unassigned,False
SRC_WANG_2021_SLUDGE_DRYING,mianyang_qixingba_sludge,40,30,110,0.049383,0.012346,,derived_from_evidence,reported_experimental_curve,PDF p5 Figure3a,figures/wang2021-figure3-ab.png,282,345,color_symbol_pixel_readout,unassigned,False
SRC_WANG_2021_SLUDGE_DRYING,mianyang_qixingba_sludge,40,30,120,0.04321,0.013889,,derived_from_evidence,reported_experimental_curve,PDF p5 Figure3a,figures/wang2021-figure3-ab.png,299,347,color_symbol_pixel_readout,unassigned,False
SRC_WANG_2021_SLUDGE_DRYING,mianyang_qixingba_sludge,40,30,130,0.040123,0.013889,,derived_from_evidence,reported_experimental_curve,PDF p5 Figure3a,figures/wang2021-figure3-ab.png,316,348.0,color_symbol_pixel_readout,unassigned,False
SRC_WANG_2021_SLUDGE_DRYING,mianyang_qixingba_sludge,40,30,140,0.03858,0.012346,,derived_from_evidence,reported_experimental_curve,PDF p5 Figure3a,figures/wang2021-figure3-ab.png,332,348.5,color_symbol_pixel_readout,unassigned,False
SRC_WANG_2021_SLUDGE_DRYING,mianyang_qixingba_sludge,50,30,0,1.0,0.0,,derived_from_evidence,reported_experimental_curve,PDF p5 Figure3a,figures/wang2021-figure3-ab.png,96,37.0,initial_normalization_defined_by_source_eq2,unassigned,False
SRC_WANG_2021_SLUDGE_DRYING,mianyang_qixingba_sludge,50,30,10,0.830247,0.021605,,derived_from_evidence,reported_experimental_curve,PDF p5 Figure3a,figures/wang2021-figure3-ab.png,113,92.0,color_symbol_pixel_readout,unassigned,False
SRC_WANG_2021_SLUDGE_DRYING,mianyang_qixingba_sludge,50,30,20,0.660494,0.027778,,derived_from_evidence,reported_experimental_curve,PDF p5 Figure3a,figures/wang2021-figure3-ab.png,130,147,color_symbol_pixel_readout,unassigned,False
SRC_WANG_2021_SLUDGE_DRYING,mianyang_qixingba_sludge,50,30,30,0.506173,0.026235,,derived_from_evidence,reported_experimental_curve,PDF p5 Figure3a,figures/wang2021-figure3-ab.png,147,197.0,color_symbol_pixel_readout,unassigned,False
SRC_WANG_2021_SLUDGE_DRYING,mianyang_qixingba_sludge,50,30,40,0.373457,0.021605,,derived_from_evidence,reported_experimental_curve,PDF p5 Figure3a,figures/wang2021-figure3-ab.png,164,240.0,color_symbol_pixel_readout,unassigned,False
SRC_WANG_2021_SLUDGE_DRYING,mianyang_qixingba_sludge,50,30,50,0.265432,0.018519,,derived_from_evidence,reported_experimental_curve,PDF p5 Figure3a,figures/wang2021-figure3-ab.png,180,275,color_symbol_pixel_readout,unassigned,False
SRC_WANG_2021_SLUDGE_DRYING,mianyang_qixingba_sludge,50,30,60,0.179012,0.015432,,derived_from_evidence,reported_experimental_curve,PDF p5 Figure3a,figures/wang2021-figure3-ab.png,197,303,color_symbol_pixel_readout,unassigned,False
SRC_WANG_2021_SLUDGE_DRYING,mianyang_qixingba_sludge,50,30,70,0.114198,0.012346,,derived_from_evidence,reported_experimental_curve,PDF p5 Figure3a,figures/wang2021-figure3-ab.png,214,324,color_symbol_pixel_readout,unassigned,False
SRC_WANG_2021_SLUDGE_DRYING,mianyang_qixingba_sludge,50,30,80,0.070988,0.012346,,derived_from_evidence,reported_experimental_curve,PDF p5 Figure3a,figures/wang2021-figure3-ab.png,231,338,color_symbol_pixel_readout,unassigned,False
SRC_WANG_2021_SLUDGE_DRYING,mianyang_qixingba_sludge,50,30,90,0.046296,0.012346,,derived_from_evidence,reported_experimental_curve,PDF p5 Figure3a,figures/wang2021-figure3-ab.png,248,346,color_symbol_pixel_readout,unassigned,False
SRC_WANG_2021_SLUDGE_DRYING,mianyang_qixingba_sludge,50,30,100,0.037037,0.012346,,derived_from_evidence,reported_experimental_curve,PDF p5 Figure3a,figures/wang2021-figure3-ab.png,265,349,color_symbol_pixel_readout,unassigned,False
SRC_WANG_2021_SLUDGE_DRYING,mianyang_qixingba_sludge,60,30,0,1.0,0.0,,derived_from_evidence,reported_experimental_curve,PDF p5 Figure3a,figures/wang2021-figure3-ab.png,96,37.0,initial_normalization_defined_by_source_eq2,unassigned,False
SRC_WANG_2021_SLUDGE_DRYING,mianyang_qixingba_sludge,60,30,10,0.802469,0.021605,,derived_from_evidence,reported_experimental_curve,PDF p5 Figure3a,figures/wang2021-figure3-ab.png,113,101,color_symbol_pixel_readout,unassigned,False
SRC_WANG_2021_SLUDGE_DRYING,mianyang_qixingba_sludge,60,30,20,0.623457,0.029321,,derived_from_evidence,reported_experimental_curve,PDF p5 Figure3a,figures/wang2021-figure3-ab.png,130,159.0,color_symbol_pixel_readout,unassigned,False
SRC_WANG_2021_SLUDGE_DRYING,mianyang_qixingba_sludge,60,30,30,0.462963,0.026235,,derived_from_evidence,reported_experimental_curve,PDF p5 Figure3a,figures/wang2021-figure3-ab.png,147,211,color_symbol_pixel_readout,unassigned,False
SRC_WANG_2021_SLUDGE_DRYING,mianyang_qixingba_sludge,60,30,40,0.320988,0.024691,,derived_from_evidence,reported_experimental_curve,PDF p5 Figure3a,figures/wang2021-figure3-ab.png,164,257.0,color_symbol_pixel_readout,unassigned,False
SRC_WANG_2021_SLUDGE_DRYING,mianyang_qixingba_sludge,60,30,50,0.212963,0.020062,,derived_from_evidence,reported_experimental_curve,PDF p5 Figure3a,figures/wang2021-figure3-ab.png,180,292,color_symbol_pixel_readout,unassigned,False
SRC_WANG_2021_SLUDGE_DRYING,mianyang_qixingba_sludge,60,30,60,0.108025,0.016975,,derived_from_evidence,reported_experimental_curve,PDF p5 Figure3a,figures/wang2021-figure3-ab.png,197,326.0,color_symbol_pixel_readout,unassigned,False
SRC_WANG_2021_SLUDGE_DRYING,mianyang_qixingba_sludge,60,30,70,0.058642,0.012346,,derived_from_evidence,reported_experimental_curve,PDF p5 Figure3a,figures/wang2021-figure3-ab.png,214,342,color_symbol_pixel_readout,unassigned,False
SRC_WANG_2021_SLUDGE_DRYING,mianyang_qixingba_sludge,60,30,80,0.030864,0.012346,,derived_from_evidence,reported_experimental_curve,PDF p5 Figure3a,figures/wang2021-figure3-ab.png,231,351,color_symbol_pixel_readout,unassigned,False
SRC_WANG_2021_SLUDGE_DRYING,mianyang_qixingba_sludge,40,40,0,1.0,0.0,,derived_from_evidence,reported_experimental_curve,PDF p5 Figure3b,figures/wang2021-figure3-ab.png,714,37.0,initial_normalization_defined_by_source_eq2,unassigned,False
SRC_WANG_2021_SLUDGE_DRYING,mianyang_qixingba_sludge,40,40,10,0.91358,0.013889,,derived_from_evidence,reported_experimental_curve,PDF p5 Figure3b,figures/wang2021-figure3-ab.png,731,65.0,color_symbol_pixel_readout,unassigned,False
SRC_WANG_2021_SLUDGE_DRYING,mianyang_qixingba_sludge,40,40,20,0.825617,0.020062,,derived_from_evidence,reported_experimental_curve,PDF p5 Figure3b,figures/wang2021-figure3-ab.png,748,93.5,color_symbol_pixel_readout,unassigned,False
SRC_WANG_2021_SLUDGE_DRYING,mianyang_qixingba_sludge,40,40,30,0.736111,0.018519,,derived_from_evidence,reported_experimental_curve,PDF p5 Figure3b,figures/wang2021-figure3-ab.png,765,122.5,color_symbol_pixel_readout,unassigned,False
SRC_WANG_2021_SLUDGE_DRYING,mianyang_qixingba_sludge,40,40,40,0.651235,0.020062,,derived_from_evidence,reported_experimental_curve,PDF p5 Figure3b,figures/wang2021-figure3-ab.png,782,150,color_symbol_pixel_readout,unassigned,False
SRC_WANG_2021_SLUDGE_DRYING,mianyang_qixingba_sludge,40,40,50,0.561728,0.013889,,derived_from_evidence,reported_experimental_curve,PDF p5 Figure3b,figures/wang2021-figure3-ab.png,798,179.0,color_symbol_pixel_readout,unassigned,False
SRC_WANG_2021_SLUDGE_DRYING,mianyang_qixingba_sludge,40,40,60,0.475309,0.013889,,derived_from_evidence,reported_experimental_curve,PDF p5 Figure3b,figures/wang2021-figure3-ab.png,815,207,color_symbol_pixel_readout,unassigned,False
SRC_WANG_2021_SLUDGE_DRYING,mianyang_qixingba_sludge,40,40,70,0.388889,0.013889,,derived_from_evidence,reported_experimental_curve,PDF p5 Figure3b,figures/wang2021-figure3-ab.png,832,235.0,color_symbol_pixel_readout,unassigned,False
SRC_WANG_2021_SLUDGE_DRYING,mianyang_qixingba_sludge,40,40,80,0.308642,0.013889,,derived_from_evidence,reported_experimental_curve,PDF p5 Figure3b,figures/wang2021-figure3-ab.png,849,261,color_symbol_pixel_readout,unassigned,False
SRC_WANG_2021_SLUDGE_DRYING,mianyang_qixingba_sludge,40,40,90,0.234568,0.013889,,derived_from_evidence,reported_experimental_curve,PDF p5 Figure3b,figures/wang2021-figure3-ab.png,866,285,color_symbol_pixel_readout,unassigned,False
SRC_WANG_2021_SLUDGE_DRYING,mianyang_qixingba_sludge,40,40,100,0.166667,0.013889,,derived_from_evidence,reported_experimental_curve,PDF p5 Figure3b,figures/wang2021-figure3-ab.png,883,307.0,color_symbol_pixel_readout,unassigned,False
SRC_WANG_2021_SLUDGE_DRYING,mianyang_qixingba_sludge,40,40,110,0.104938,0.013889,,derived_from_evidence,reported_experimental_curve,PDF p5 Figure3b,figures/wang2021-figure3-ab.png,900,327.0,color_symbol_pixel_readout,unassigned,False
SRC_WANG_2021_SLUDGE_DRYING,mianyang_qixingba_sludge,40,40,120,0.070988,0.013889,,derived_from_evidence,reported_experimental_curve,PDF p5 Figure3b,figures/wang2021-figure3-ab.png,917,338,color_symbol_pixel_readout,unassigned,False
SRC_WANG_2021_SLUDGE_DRYING,mianyang_qixingba_sludge,40,40,130,0.055556,0.013889,,derived_from_evidence,reported_experimental_curve,PDF p5 Figure3b,figures/wang2021-figure3-ab.png,934,343.0,color_symbol_pixel_readout,unassigned,False
SRC_WANG_2021_SLUDGE_DRYING,mianyang_qixingba_sludge,40,40,140,0.049383,0.013889,,derived_from_evidence,reported_experimental_curve,PDF p5 Figure3b,figures/wang2021-figure3-ab.png,950,345.0,color_symbol_pixel_readout,unassigned,False
SRC_WANG_2021_SLUDGE_DRYING,mianyang_qixingba_sludge,40,40,150,0.040123,0.013889,,derived_from_evidence,reported_experimental_curve,PDF p5 Figure3b,figures/wang2021-figure3-ab.png,967,348,color_symbol_pixel_readout,unassigned,False
SRC_WANG_2021_SLUDGE_DRYING,mianyang_qixingba_sludge,40,40,160,0.037037,0.013889,,derived_from_evidence,reported_experimental_curve,PDF p5 Figure3b,figures/wang2021-figure3-ab.png,984,349,color_symbol_pixel_readout,unassigned,False
SRC_WANG_2021_SLUDGE_DRYING,mianyang_qixingba_sludge,50,40,0,1.0,0.0,,derived_from_evidence,reported_experimental_curve,PDF p5 Figure3b,figures/wang2021-figure3-ab.png,714,37.0,initial_normalization_defined_by_source_eq2,unassigned,False
SRC_WANG_2021_SLUDGE_DRYING,mianyang_qixingba_sludge,50,40,10,0.867284,0.024691,,derived_from_evidence,reported_experimental_curve,PDF p5 Figure3b,figures/wang2021-figure3-ab.png,731,80.0,color_symbol_pixel_readout,unassigned,False
SRC_WANG_2021_SLUDGE_DRYING,mianyang_qixingba_sludge,50,40,20,0.728395,0.023148,,derived_from_evidence,reported_experimental_curve,PDF p5 Figure3b,figures/wang2021-figure3-ab.png,748,125.0,color_symbol_pixel_readout,unassigned,False
SRC_WANG_2021_SLUDGE_DRYING,mianyang_qixingba_sludge,50,40,30,0.601852,0.020062,,derived_from_evidence,reported_experimental_curve,PDF p5 Figure3b,figures/wang2021-figure3-ab.png,765,166.0,color_symbol_pixel_readout,unassigned,False
SRC_WANG_2021_SLUDGE_DRYING,mianyang_qixingba_sludge,50,40,40,0.487654,0.020062,,derived_from_evidence,reported_experimental_curve,PDF p5 Figure3b,figures/wang2021-figure3-ab.png,782,203.0,color_symbol_pixel_readout,unassigned,False
SRC_WANG_2021_SLUDGE_DRYING,mianyang_qixingba_sludge,50,40,50,0.384259,0.013889,,derived_from_evidence,reported_experimental_curve,PDF p5 Figure3b,figures/wang2021-figure3-ab.png,798,236.5,color_symbol_pixel_readout,unassigned,False
SRC_WANG_2021_SLUDGE_DRYING,mianyang_qixingba_sludge,50,40,60,0.29321,0.013889,,derived_from_evidence,reported_experimental_curve,PDF p5 Figure3b,figures/wang2021-figure3-ab.png,815,266,color_symbol_pixel_readout,unassigned,False
SRC_WANG_2021_SLUDGE_DRYING,mianyang_qixingba_sludge,50,40,70,0.216049,0.013889,,derived_from_evidence,reported_experimental_curve,PDF p5 Figure3b,figures/wang2021-figure3-ab.png,832,291,color_symbol_pixel_readout,unassigned,False
SRC_WANG_2021_SLUDGE_DRYING,mianyang_qixingba_sludge,50,40,80,0.154321,0.015432,,derived_from_evidence,reported_experimental_curve,PDF p5 Figure3b,figures/wang2021-figure3-ab.png,849,311,color_symbol_pixel_readout,unassigned,False
SRC_WANG_2021_SLUDGE_DRYING,mianyang_qixingba_sludge,50,40,90,0.106481,0.013889,,derived_from_evidence,reported_experimental_curve,PDF p5 Figure3b,figures/wang2021-figure3-ab.png,866,326.5,color_symbol_pixel_readout,unassigned,False
SRC_WANG_2021_SLUDGE_DRYING,mianyang_qixingba_sludge,50,40,100,0.072531,0.013889,,derived_from_evidence,reported_experimental_curve,PDF p5 Figure3b,figures/wang2021-figure3-ab.png,883,337.5,color_symbol_pixel_readout,unassigned,False
SRC_WANG_2021_SLUDGE_DRYING,mianyang_qixingba_sludge,50,40,110,0.050926,0.013889,,derived_from_evidence,reported_experimental_curve,PDF p5 Figure3b,figures/wang2021-figure3-ab.png,900,344.5,color_symbol_pixel_readout,unassigned,False
SRC_WANG_2021_SLUDGE_DRYING,mianyang_qixingba_sludge,50,40,120,0.041667,0.013889,,derived_from_evidence,reported_experimental_curve,PDF p5 Figure3b,figures/wang2021-figure3-ab.png,917,347.5,color_symbol_pixel_readout,unassigned,False
SRC_WANG_2021_SLUDGE_DRYING,mianyang_qixingba_sludge,60,40,0,1.0,0.0,,derived_from_evidence,reported_experimental_curve,PDF p5 Figure3b,figures/wang2021-figure3-ab.png,714,37.0,initial_normalization_defined_by_source_eq2,unassigned,False
SRC_WANG_2021_SLUDGE_DRYING,mianyang_qixingba_sludge,60,40,10,0.820988,0.030864,,derived_from_evidence,reported_experimental_curve,PDF p5 Figure3b,figures/wang2021-figure3-ab.png,731,95.0,color_symbol_pixel_readout,unassigned,False
SRC_WANG_2021_SLUDGE_DRYING,mianyang_qixingba_sludge,60,40,20,0.652778,0.029321,,derived_from_evidence,reported_experimental_curve,PDF p5 Figure3b,figures/wang2021-figure3-ab.png,748,149.5,color_symbol_pixel_readout,unassigned,False
SRC_WANG_2021_SLUDGE_DRYING,mianyang_qixingba_sludge,60,40,30,0.50463,0.023148,,derived_from_evidence,reported_experimental_curve,PDF p5 Figure3b,figures/wang2021-figure3-ab.png,765,197.5,color_symbol_pixel_readout,unassigned,False
SRC_WANG_2021_SLUDGE_DRYING,mianyang_qixingba_sludge,60,40,40,0.361111,0.020062,,derived_from_evidence,reported_experimental_curve,PDF p5 Figure3b,figures/wang2021-figure3-ab.png,782,244.0,color_symbol_pixel_readout,unassigned,False
SRC_WANG_2021_SLUDGE_DRYING,mianyang_qixingba_sludge,60,40,50,0.259259,0.013889,,derived_from_evidence,reported_experimental_curve,PDF p5 Figure3b,figures/wang2021-figure3-ab.png,798,277.0,color_symbol_pixel_readout,unassigned,False
SRC_WANG_2021_SLUDGE_DRYING,mianyang_qixingba_sludge,60,40,60,0.16821,0.013889,,derived_from_evidence,reported_experimental_curve,PDF p5 Figure3b,figures/wang2021-figure3-ab.png,815,306.5,color_symbol_pixel_readout,unassigned,False
SRC_WANG_2021_SLUDGE_DRYING,mianyang_qixingba_sludge,60,40,70,0.095679,0.013889,,derived_from_evidence,reported_experimental_curve,PDF p5 Figure3b,figures/wang2021-figure3-ab.png,832,330.0,color_symbol_pixel_readout,unassigned,False
SRC_WANG_2021_SLUDGE_DRYING,mianyang_qixingba_sludge,60,40,80,0.063272,0.013889,,derived_from_evidence,reported_experimental_curve,PDF p5 Figure3b,figures/wang2021-figure3-ab.png,849,340.5,color_symbol_pixel_readout,unassigned,False
SRC_WANG_2021_SLUDGE_DRYING,mianyang_qixingba_sludge,60,40,90,0.037037,0.012346,,derived_from_evidence,reported_experimental_curve,PDF p5 Figure3b,figures/wang2021-figure3-ab.png,866,349,color_symbol_pixel_readout,unassigned,False
SRC_WANG_2021_SLUDGE_DRYING,mianyang_qixingba_sludge,40,50,0,1.0,0.0,,derived_from_evidence,reported_experimental_curve,PDF p5 Figure3c,figures/wang2021-figure3-cd.png,96,31.0,initial_normalization_defined_by_source_eq2,unassigned,False
SRC_WANG_2021_SLUDGE_DRYING,mianyang_qixingba_sludge,40,50,10,0.947692,0.013846,,derived_from_evidence,reported_experimental_curve,PDF p5 Figure3c,figures/wang2021-figure3-cd.png,113,48.0,color_symbol_pixel_readout,unassigned,False
SRC_WANG_2021_SLUDGE_DRYING,mianyang_qixingba_sludge,40,50,20,0.883077,0.013846,,derived_from_evidence,reported_experimental_curve,PDF p5 Figure3c,figures/wang2021-figure3-cd.png,130,69.0,color_symbol_pixel_readout,unassigned,False
SRC_WANG_2021_SLUDGE_DRYING,mianyang_qixingba_sludge,40,50,30,0.815385,0.013846,,derived_from_evidence,reported_experimental_curve,PDF p5 Figure3c,figures/wang2021-figure3-cd.png,147,91,color_symbol_pixel_readout,unassigned,False
SRC_WANG_2021_SLUDGE_DRYING,mianyang_qixingba_sludge,40,50,40,0.744615,0.015385,,derived_from_evidence,reported_experimental_curve,PDF p5 Figure3c,figures/wang2021-figure3-cd.png,164,114,color_symbol_pixel_readout,unassigned,False
SRC_WANG_2021_SLUDGE_DRYING,mianyang_qixingba_sludge,40,50,50,0.686154,0.013846,,derived_from_evidence,reported_experimental_curve,PDF p5 Figure3c,figures/wang2021-figure3-cd.png,180,133,color_symbol_pixel_readout,unassigned,False
SRC_WANG_2021_SLUDGE_DRYING,mianyang_qixingba_sludge,40,50,60,0.627692,0.013846,,derived_from_evidence,reported_experimental_curve,PDF p5 Figure3c,figures/wang2021-figure3-cd.png,197,152,color_symbol_pixel_readout,unassigned,False
SRC_WANG_2021_SLUDGE_DRYING,mianyang_qixingba_sludge,40,50,70,0.563077,0.013846,,derived_from_evidence,reported_experimental_curve,PDF p5 Figure3c,figures/wang2021-figure3-cd.png,214,173,color_symbol_pixel_readout,unassigned,False
SRC_WANG_2021_SLUDGE_DRYING,mianyang_qixingba_sludge,40,50,80,0.501538,0.013846,,derived_from_evidence,reported_experimental_curve,PDF p5 Figure3c,figures/wang2021-figure3-cd.png,231,193.0,color_symbol_pixel_readout,unassigned,False
SRC_WANG_2021_SLUDGE_DRYING,mianyang_qixingba_sludge,40,50,90,0.446154,0.013846,,derived_from_evidence,reported_experimental_curve,PDF p5 Figure3c,figures/wang2021-figure3-cd.png,248,211.0,color_symbol_pixel_readout,unassigned,False
SRC_WANG_2021_SLUDGE_DRYING,mianyang_qixingba_sludge,40,50,100,0.390769,0.015385,,derived_from_evidence,reported_experimental_curve,PDF p5 Figure3c,figures/wang2021-figure3-cd.png,265,229,color_symbol_pixel_readout,unassigned,False
SRC_WANG_2021_SLUDGE_DRYING,mianyang_qixingba_sludge,40,50,110,0.335385,0.013846,,derived_from_evidence,reported_experimental_curve,PDF p5 Figure3c,figures/wang2021-figure3-cd.png,282,247.0,color_symbol_pixel_readout,unassigned,False
SRC_WANG_2021_SLUDGE_DRYING,mianyang_qixingba_sludge,40,50,120,0.286154,0.013846,,derived_from_evidence,reported_experimental_curve,PDF p5 Figure3c,figures/wang2021-figure3-cd.png,299,263.0,color_symbol_pixel_readout,unassigned,False
SRC_WANG_2021_SLUDGE_DRYING,mianyang_qixingba_sludge,40,50,130,0.233846,0.013846,,derived_from_evidence,reported_experimental_curve,PDF p5 Figure3c,figures/wang2021-figure3-cd.png,316,280,color_symbol_pixel_readout,unassigned,False
SRC_WANG_2021_SLUDGE_DRYING,mianyang_qixingba_sludge,40,50,140,0.184615,0.013846,,derived_from_evidence,reported_experimental_curve,PDF p5 Figure3c,figures/wang2021-figure3-cd.png,332,296.0,color_symbol_pixel_readout,unassigned,False
SRC_WANG_2021_SLUDGE_DRYING,mianyang_qixingba_sludge,40,50,150,0.138462,0.013846,,derived_from_evidence,reported_experimental_curve,PDF p5 Figure3c,figures/wang2021-figure3-cd.png,349,311,color_symbol_pixel_readout,unassigned,False
SRC_WANG_2021_SLUDGE_DRYING,mianyang_qixingba_sludge,40,50,160,0.092308,0.013846,,derived_from_evidence,reported_experimental_curve,PDF p5 Figure3c,figures/wang2021-figure3-cd.png,366,326,color_symbol_pixel_readout,unassigned,False
SRC_WANG_2021_SLUDGE_DRYING,mianyang_qixingba_sludge,40,50,170,0.064615,0.013846,,derived_from_evidence,reported_experimental_curve,PDF p5 Figure3c,figures/wang2021-figure3-cd.png,383,335.0,color_symbol_pixel_readout,unassigned,False
SRC_WANG_2021_SLUDGE_DRYING,mianyang_qixingba_sludge,40,50,180,0.055385,0.013846,,derived_from_evidence,reported_experimental_curve,PDF p5 Figure3c,figures/wang2021-figure3-cd.png,400,338.0,color_symbol_pixel_readout,unassigned,False
SRC_WANG_2021_SLUDGE_DRYING,mianyang_qixingba_sludge,40,50,190,0.049231,0.013846,,derived_from_evidence,reported_experimental_curve,PDF p5 Figure3c,figures/wang2021-figure3-cd.png,417,340.0,color_symbol_pixel_readout,unassigned,False
SRC_WANG_2021_SLUDGE_DRYING,mianyang_qixingba_sludge,40,50,200,0.046154,0.013846,,derived_from_evidence,reported_experimental_curve,PDF p5 Figure3c,figures/wang2021-figure3-cd.png,434,341,color_symbol_pixel_readout,unassigned,False
SRC_WANG_2021_SLUDGE_DRYING,mianyang_qixingba_sludge,40,50,210,0.043077,0.013846,,derived_from_evidence,reported_experimental_curve,PDF p5 Figure3c,figures/wang2021-figure3-cd.png,451,342.0,color_symbol_pixel_readout,unassigned,False
SRC_WANG_2021_SLUDGE_DRYING,mianyang_qixingba_sludge,50,50,0,1.0,0.0,,derived_from_evidence,reported_experimental_curve,PDF p5 Figure3c,figures/wang2021-figure3-cd.png,96,31.0,initial_normalization_defined_by_source_eq2,unassigned,False
SRC_WANG_2021_SLUDGE_DRYING,mianyang_qixingba_sludge,50,50,10,0.890769,0.013846,,derived_from_evidence,reported_experimental_curve,PDF p5 Figure3c,figures/wang2021-figure3-cd.png,113,66.5,color_symbol_pixel_readout,unassigned,False
SRC_WANG_2021_SLUDGE_DRYING,mianyang_qixingba_sludge,50,50,20,0.78,0.013846,,derived_from_evidence,reported_experimental_curve,PDF p5 Figure3c,figures/wang2021-figure3-cd.png,130,102.5,color_symbol_pixel_readout,unassigned,False
SRC_WANG_2021_SLUDGE_DRYING,mianyang_qixingba_sludge,50,50,30,0.676923,0.015385,,derived_from_evidence,reported_experimental_curve,PDF p5 Figure3c,figures/wang2021-figure3-cd.png,147,136.0,color_symbol_pixel_readout,unassigned,False
SRC_WANG_2021_SLUDGE_DRYING,mianyang_qixingba_sludge,50,50,40,0.578462,0.013846,,derived_from_evidence,reported_experimental_curve,PDF p5 Figure3c,figures/wang2021-figure3-cd.png,164,168,color_symbol_pixel_readout,unassigned,False
SRC_WANG_2021_SLUDGE_DRYING,mianyang_qixingba_sludge,50,50,50,0.486154,0.018462,,derived_from_evidence,reported_experimental_curve,PDF p5 Figure3c,figures/wang2021-figure3-cd.png,180,198.0,color_symbol_pixel_readout,unassigned,False
SRC_WANG_2021_SLUDGE_DRYING,mianyang_qixingba_sludge,50,50,60,0.403077,0.016923,,derived_from_evidence,reported_experimental_curve,PDF p5 Figure3c,figures/wang2021-figure3-cd.png,197,225,color_symbol_pixel_readout,unassigned,False
SRC_WANG_2021_SLUDGE_DRYING,mianyang_qixingba_sludge,50,50,70,0.326154,0.013846,,derived_from_evidence,reported_experimental_curve,PDF p5 Figure3c,figures/wang2021-figure3-cd.png,214,250,color_symbol_pixel_readout,unassigned,False
SRC_WANG_2021_SLUDGE_DRYING,mianyang_qixingba_sludge,50,50,80,0.258462,0.015385,,derived_from_evidence,reported_experimental_curve,PDF p5 Figure3c,figures/wang2021-figure3-cd.png,231,272.0,color_symbol_pixel_readout,unassigned,False
SRC_WANG_2021_SLUDGE_DRYING,mianyang_qixingba_sludge,50,50,90,0.201538,0.013846,,derived_from_evidence,reported_experimental_curve,PDF p5 Figure3c,figures/wang2021-figure3-cd.png,248,290.5,color_symbol_pixel_readout,unassigned,False
SRC_WANG_2021_SLUDGE_DRYING,mianyang_qixingba_sludge,50,50,100,0.153846,0.015385,,derived_from_evidence,reported_experimental_curve,PDF p5 Figure3c,figures/wang2021-figure3-cd.png,265,306.0,color_symbol_pixel_readout,unassigned,False
SRC_WANG_2021_SLUDGE_DRYING,mianyang_qixingba_sludge,50,50,110,0.116923,0.013846,,derived_from_evidence,reported_experimental_curve,PDF p5 Figure3c,figures/wang2021-figure3-cd.png,282,318,color_symbol_pixel_readout,unassigned,False
SRC_WANG_2021_SLUDGE_DRYING,mianyang_qixingba_sludge,50,50,120,0.086154,0.013846,,derived_from_evidence,reported_experimental_curve,PDF p5 Figure3c,figures/wang2021-figure3-cd.png,299,328.0,color_symbol_pixel_readout,unassigned,False
SRC_WANG_2021_SLUDGE_DRYING,mianyang_qixingba_sludge,50,50,130,0.064615,0.015385,,derived_from_evidence,reported_experimental_curve,PDF p5 Figure3c,figures/wang2021-figure3-cd.png,316,335.0,color_symbol_pixel_readout,unassigned,False
SRC_WANG_2021_SLUDGE_DRYING,mianyang_qixingba_sludge,50,50,140,0.049231,0.015385,,derived_from_evidence,reported_experimental_curve,PDF p5 Figure3c,figures/wang2021-figure3-cd.png,332,340.0,color_symbol_pixel_readout,unassigned,False
SRC_WANG_2021_SLUDGE_DRYING,mianyang_qixingba_sludge,50,50,150,0.04,0.013846,,derived_from_evidence,reported_experimental_curve,PDF p5 Figure3c,figures/wang2021-figure3-cd.png,349,343,color_symbol_pixel_readout,unassigned,False
SRC_WANG_2021_SLUDGE_DRYING,mianyang_qixingba_sludge,50,50,160,0.035385,0.013846,,derived_from_evidence,reported_experimental_curve,PDF p5 Figure3c,figures/wang2021-figure3-cd.png,366,344.5,color_symbol_pixel_readout,unassigned,False
SRC_WANG_2021_SLUDGE_DRYING,mianyang_qixingba_sludge,60,50,0,1.0,0.0,,derived_from_evidence,reported_experimental_curve,PDF p5 Figure3c,figures/wang2021-figure3-cd.png,96,31.0,initial_normalization_defined_by_source_eq2,unassigned,False
SRC_WANG_2021_SLUDGE_DRYING,mianyang_qixingba_sludge,60,50,10,0.84,0.029231,,derived_from_evidence,reported_experimental_curve,PDF p5 Figure3c,figures/wang2021-figure3-cd.png,113,83,color_symbol_pixel_readout,unassigned,False
SRC_WANG_2021_SLUDGE_DRYING,mianyang_qixingba_sludge,60,50,20,0.68,0.029231,,derived_from_evidence,reported_experimental_curve,PDF p5 Figure3c,figures/wang2021-figure3-cd.png,130,135.0,color_symbol_pixel_readout,unassigned,False
SRC_WANG_2021_SLUDGE_DRYING,mianyang_qixingba_sludge,60,50,30,0.538462,0.026154,,derived_from_evidence,reported_experimental_curve,PDF p5 Figure3c,figures/wang2021-figure3-cd.png,147,181,color_symbol_pixel_readout,unassigned,False
SRC_WANG_2021_SLUDGE_DRYING,mianyang_qixingba_sludge,60,50,40,0.4,0.018462,,derived_from_evidence,reported_experimental_curve,PDF p5 Figure3c,figures/wang2021-figure3-cd.png,164,226,color_symbol_pixel_readout,unassigned,False
SRC_WANG_2021_SLUDGE_DRYING,mianyang_qixingba_sludge,60,50,50,0.295385,0.016923,,derived_from_evidence,reported_experimental_curve,PDF p5 Figure3c,figures/wang2021-figure3-cd.png,180,260,color_symbol_pixel_readout,unassigned,False
SRC_WANG_2021_SLUDGE_DRYING,mianyang_qixingba_sludge,60,50,60,0.2,0.016923,,derived_from_evidence,reported_experimental_curve,PDF p5 Figure3c,figures/wang2021-figure3-cd.png,197,291,color_symbol_pixel_readout,unassigned,False
SRC_WANG_2021_SLUDGE_DRYING,mianyang_qixingba_sludge,60,50,70,0.126154,0.013846,,derived_from_evidence,reported_experimental_curve,PDF p5 Figure3c,figures/wang2021-figure3-cd.png,214,315,color_symbol_pixel_readout,unassigned,False
SRC_WANG_2021_SLUDGE_DRYING,mianyang_qixingba_sludge,60,50,80,0.086154,0.012308,,derived_from_evidence,reported_experimental_curve,PDF p5 Figure3c,figures/wang2021-figure3-cd.png,231,328,color_symbol_pixel_readout,unassigned,False
SRC_WANG_2021_SLUDGE_DRYING,mianyang_qixingba_sludge,60,50,90,0.06,0.013846,,derived_from_evidence,reported_experimental_curve,PDF p5 Figure3c,figures/wang2021-figure3-cd.png,248,336.5,color_symbol_pixel_readout,unassigned,False
SRC_WANG_2021_SLUDGE_DRYING,mianyang_qixingba_sludge,60,50,100,0.04,0.012308,,derived_from_evidence,reported_experimental_curve,PDF p5 Figure3c,figures/wang2021-figure3-cd.png,265,343,color_symbol_pixel_readout,unassigned,False
SRC_WANG_2021_SLUDGE_DRYING,mianyang_qixingba_sludge,40,60,0,1.0,0.0,,derived_from_evidence,reported_experimental_curve,PDF p5 Figure3d,figures/wang2021-figure3-cd.png,714,31.0,initial_normalization_defined_by_source_eq2,unassigned,False
SRC_WANG_2021_SLUDGE_DRYING,mianyang_qixingba_sludge,40,60,10,0.972308,0.013846,,derived_from_evidence,reported_experimental_curve,PDF p5 Figure3d,figures/wang2021-figure3-cd.png,731,40,color_symbol_pixel_readout,unassigned,False
SRC_WANG_2021_SLUDGE_DRYING,mianyang_qixingba_sludge,40,60,20,0.929231,0.015385,,derived_from_evidence,reported_experimental_curve,PDF p5 Figure3d,figures/wang2021-figure3-cd.png,748,54.0,color_symbol_pixel_readout,unassigned,False
SRC_WANG_2021_SLUDGE_DRYING,mianyang_qixingba_sludge,40,60,30,0.870769,0.013846,,derived_from_evidence,reported_experimental_curve,PDF p5 Figure3d,figures/wang2021-figure3-cd.png,765,73.0,color_symbol_pixel_readout,unassigned,False
SRC_WANG_2021_SLUDGE_DRYING,mianyang_qixingba_sludge,40,60,40,0.818462,0.013846,,derived_from_evidence,reported_experimental_curve,PDF p5 Figure3d,figures/wang2021-figure3-cd.png,782,90.0,color_symbol_pixel_readout,unassigned,False
SRC_WANG_2021_SLUDGE_DRYING,mianyang_qixingba_sludge,40,60,50,0.769231,0.015385,,derived_from_evidence,reported_experimental_curve,PDF p5 Figure3d,figures/wang2021-figure3-cd.png,798,106,color_symbol_pixel_readout,unassigned,False
SRC_WANG_2021_SLUDGE_DRYING,mianyang_qixingba_sludge,40,60,60,0.723077,0.013846,,derived_from_evidence,reported_experimental_curve,PDF p5 Figure3d,figures/wang2021-figure3-cd.png,815,121,color_symbol_pixel_readout,unassigned,False
SRC_WANG_2021_SLUDGE_DRYING,mianyang_qixingba_sludge,40,60,70,0.670769,0.013846,,derived_from_evidence,reported_experimental_curve,PDF p5 Figure3d,figures/wang2021-figure3-cd.png,832,138,color_symbol_pixel_readout,unassigned,False
SRC_WANG_2021_SLUDGE_DRYING,mianyang_qixingba_sludge,40,60,80,0.627692,0.013846,,derived_from_evidence,reported_experimental_curve,PDF p5 Figure3d,figures/wang2021-figure3-cd.png,849,152.0,color_symbol_pixel_readout,unassigned,False
SRC_WANG_2021_SLUDGE_DRYING,mianyang_qixingba_sludge,40,60,90,0.581538,0.012308,,derived_from_evidence,reported_experimental_curve,PDF p5 Figure3d,figures/wang2021-figure3-cd.png,866,167,color_symbol_pixel_readout,unassigned,False
SRC_WANG_2021_SLUDGE_DRYING,mianyang_qixingba_sludge,40,60,100,0.532308,0.013846,,derived_from_evidence,reported_experimental_curve,PDF p5 Figure3d,figures/wang2021-figure3-cd.png,883,183.0,color_symbol_pixel_readout,unassigned,False
SRC_WANG_2021_SLUDGE_DRYING,mianyang_qixingba_sludge,40,60,110,0.489231,0.013846,,derived_from_evidence,reported_experimental_curve,PDF p5 Figure3d,figures/wang2021-figure3-cd.png,900,197,color_symbol_pixel_readout,unassigned,False
SRC_WANG_2021_SLUDGE_DRYING,mianyang_qixingba_sludge,40,60,120,0.443077,0.013846,,derived_from_evidence,reported_experimental_curve,PDF p5 Figure3d,figures/wang2021-figure3-cd.png,917,212,color_symbol_pixel_readout,unassigned,False
SRC_WANG_2021_SLUDGE_DRYING,mianyang_qixingba_sludge,40,60,130,0.4,0.013846,,derived_from_evidence,reported_experimental_curve,PDF p5 Figure3d,figures/wang2021-figure3-cd.png,934,226,color_symbol_pixel_readout,unassigned,False
SRC_WANG_2021_SLUDGE_DRYING,mianyang_qixingba_sludge,40,60,140,0.356923,0.015385,,derived_from_evidence,reported_experimental_curve,PDF p5 Figure3d,figures/wang2021-figure3-cd.png,950,240.0,color_symbol_pixel_readout,unassigned,False
SRC_WANG_2021_SLUDGE_DRYING,mianyang_qixingba_sludge,40,60,150,0.32,0.013846,,derived_from_evidence,reported_experimental_curve,PDF p5 Figure3d,figures/wang2021-figure3-cd.png,967,252.0,color_symbol_pixel_readout,unassigned,False
SRC_WANG_2021_SLUDGE_DRYING,mianyang_qixingba_sludge,40,60,160,0.286154,0.013846,,derived_from_evidence,reported_experimental_curve,PDF p5 Figure3d,figures/wang2021-figure3-cd.png,984,263.0,color_symbol_pixel_readout,unassigned,False
SRC_WANG_2021_SLUDGE_DRYING,mianyang_qixingba_sludge,40,60,170,0.255385,0.013846,,derived_from_evidence,reported_experimental_curve,PDF p5 Figure3d,figures/wang2021-figure3-cd.png,1001,273.0,color_symbol_pixel_readout,unassigned,False
SRC_WANG_2021_SLUDGE_DRYING,mianyang_qixingba_sludge,40,60,180,0.224615,0.012308,,derived_from_evidence,reported_experimental_curve,PDF p5 Figure3d,figures/wang2021-figure3-cd.png,1018,283,color_symbol_pixel_readout,unassigned,False
SRC_WANG_2021_SLUDGE_DRYING,mianyang_qixingba_sludge,40,60,190,0.190769,0.013846,,derived_from_evidence,reported_experimental_curve,PDF p5 Figure3d,figures/wang2021-figure3-cd.png,1035,294.0,color_symbol_pixel_readout,unassigned,False
SRC_WANG_2021_SLUDGE_DRYING,mianyang_qixingba_sludge,40,60,200,0.16,0.013846,,derived_from_evidence,reported_experimental_curve,PDF p5 Figure3d,figures/wang2021-figure3-cd.png,1052,304.0,color_symbol_pixel_readout,unassigned,False
SRC_WANG_2021_SLUDGE_DRYING,mianyang_qixingba_sludge,40,60,210,0.132308,0.013846,,derived_from_evidence,reported_experimental_curve,PDF p5 Figure3d,figures/wang2021-figure3-cd.png,1069,313.0,color_symbol_pixel_readout,unassigned,False
SRC_WANG_2021_SLUDGE_DRYING,mianyang_qixingba_sludge,40,60,220,0.101538,0.013846,,derived_from_evidence,reported_experimental_curve,PDF p5 Figure3d,figures/wang2021-figure3-cd.png,1086,323,color_symbol_pixel_readout,unassigned,False
SRC_WANG_2021_SLUDGE_DRYING,mianyang_qixingba_sludge,40,60,230,0.086154,0.013846,,derived_from_evidence,reported_experimental_curve,PDF p5 Figure3d,figures/wang2021-figure3-cd.png,1103,328.0,color_symbol_pixel_readout,unassigned,False
SRC_WANG_2021_SLUDGE_DRYING,mianyang_qixingba_sludge,40,60,240,0.076923,0.013846,,derived_from_evidence,reported_experimental_curve,PDF p5 Figure3d,figures/wang2021-figure3-cd.png,1119,331,color_symbol_pixel_readout,unassigned,False
SRC_WANG_2021_SLUDGE_DRYING,mianyang_qixingba_sludge,40,60,250,0.064615,0.013846,,derived_from_evidence,reported_experimental_curve,PDF p5 Figure3d,figures/wang2021-figure3-cd.png,1136,335.0,color_symbol_pixel_readout,unassigned,False
SRC_WANG_2021_SLUDGE_DRYING,mianyang_qixingba_sludge,40,60,260,0.055385,0.013846,,derived_from_evidence,reported_experimental_curve,PDF p5 Figure3d,figures/wang2021-figure3-cd.png,1153,338.0,color_symbol_pixel_readout,unassigned,False
SRC_WANG_2021_SLUDGE_DRYING,mianyang_qixingba_sludge,40,60,270,0.046154,0.013846,,derived_from_evidence,reported_experimental_curve,PDF p5 Figure3d,figures/wang2021-figure3-cd.png,1170,341.0,color_symbol_pixel_readout,unassigned,False
SRC_WANG_2021_SLUDGE_DRYING,mianyang_qixingba_sludge,40,60,280,0.041538,0.015385,,derived_from_evidence,reported_experimental_curve,PDF p5 Figure3d,figures/wang2021-figure3-cd.png,1187,342.5,color_symbol_pixel_readout,unassigned,False
SRC_WANG_2021_SLUDGE_DRYING,mianyang_qixingba_sludge,50,60,0,1.0,0.0,,derived_from_evidence,reported_experimental_curve,PDF p5 Figure3d,figures/wang2021-figure3-cd.png,714,31.0,initial_normalization_defined_by_source_eq2,unassigned,False
SRC_WANG_2021_SLUDGE_DRYING,mianyang_qixingba_sludge,50,60,10,0.929231,0.013846,,derived_from_evidence,reported_experimental_curve,PDF p5 Figure3d,figures/wang2021-figure3-cd.png,731,54,color_symbol_pixel_readout,unassigned,False
SRC_WANG_2021_SLUDGE_DRYING,mianyang_qixingba_sludge,50,60,20,0.846154,0.015385,,derived_from_evidence,reported_experimental_curve,PDF p5 Figure3d,figures/wang2021-figure3-cd.png,748,81.0,color_symbol_pixel_readout,unassigned,False
SRC_WANG_2021_SLUDGE_DRYING,mianyang_qixingba_sludge,50,60,30,0.764615,0.013846,,derived_from_evidence,reported_experimental_curve,PDF p5 Figure3d,figures/wang2021-figure3-cd.png,765,107.5,color_symbol_pixel_readout,unassigned,False
SRC_WANG_2021_SLUDGE_DRYING,mianyang_qixingba_sludge,50,60,40,0.686154,0.015385,,derived_from_evidence,reported_experimental_curve,PDF p5 Figure3d,figures/wang2021-figure3-cd.png,782,133.0,color_symbol_pixel_readout,unassigned,False
SRC_WANG_2021_SLUDGE_DRYING,mianyang_qixingba_sludge,50,60,50,0.607692,0.013846,,derived_from_evidence,reported_experimental_curve,PDF p5 Figure3d,figures/wang2021-figure3-cd.png,798,158.5,color_symbol_pixel_readout,unassigned,False
SRC_WANG_2021_SLUDGE_DRYING,mianyang_qixingba_sludge,50,60,60,0.529231,0.013846,,derived_from_evidence,reported_experimental_curve,PDF p5 Figure3d,figures/wang2021-figure3-cd.png,815,184,color_symbol_pixel_readout,unassigned,False
SRC_WANG_2021_SLUDGE_DRYING,mianyang_qixingba_sludge,50,60,70,0.455385,0.015385,,derived_from_evidence,reported_experimental_curve,PDF p5 Figure3d,figures/wang2021-figure3-cd.png,832,208,color_symbol_pixel_readout,unassigned,False
SRC_WANG_2021_SLUDGE_DRYING,mianyang_qixingba_sludge,50,60,80,0.383077,0.013846,,derived_from_evidence,reported_experimental_curve,PDF p5 Figure3d,figures/wang2021-figure3-cd.png,849,231.5,color_symbol_pixel_readout,unassigned,False
SRC_WANG_2021_SLUDGE_DRYING,mianyang_qixingba_sludge,50,60,90,0.313846,0.013846,,derived_from_evidence,reported_experimental_curve,PDF p5 Figure3d,figures/wang2021-figure3-cd.png,866,254,color_symbol_pixel_readout,unassigned,False
SRC_WANG_2021_SLUDGE_DRYING,mianyang_qixingba_sludge,50,60,100,0.253846,0.013846,,derived_from_evidence,reported_experimental_curve,PDF p5 Figure3d,figures/wang2021-figure3-cd.png,883,273.5,color_symbol_pixel_readout,unassigned,False
SRC_WANG_2021_SLUDGE_DRYING,mianyang_qixingba_sludge,50,60,110,0.2,0.015385,,derived_from_evidence,reported_experimental_curve,PDF p5 Figure3d,figures/wang2021-figure3-cd.png,900,291,color_symbol_pixel_readout,unassigned,False
SRC_WANG_2021_SLUDGE_DRYING,mianyang_qixingba_sludge,50,60,120,0.153846,0.015385,,derived_from_evidence,reported_experimental_curve,PDF p5 Figure3d,figures/wang2021-figure3-cd.png,917,306,color_symbol_pixel_readout,unassigned,False
SRC_WANG_2021_SLUDGE_DRYING,mianyang_qixingba_sludge,50,60,130,0.116923,0.015385,,derived_from_evidence,reported_experimental_curve,PDF p5 Figure3d,figures/wang2021-figure3-cd.png,934,318.0,color_symbol_pixel_readout,unassigned,False
SRC_WANG_2021_SLUDGE_DRYING,mianyang_qixingba_sludge,50,60,140,0.089231,0.015385,,derived_from_evidence,reported_experimental_curve,PDF p5 Figure3d,figures/wang2021-figure3-cd.png,950,327.0,color_symbol_pixel_readout,unassigned,False
SRC_WANG_2021_SLUDGE_DRYING,mianyang_qixingba_sludge,50,60,150,0.070769,0.013846,,derived_from_evidence,reported_experimental_curve,PDF p5 Figure3d,figures/wang2021-figure3-cd.png,967,333.0,color_symbol_pixel_readout,unassigned,False
SRC_WANG_2021_SLUDGE_DRYING,mianyang_qixingba_sludge,50,60,160,0.058462,0.013846,,derived_from_evidence,reported_experimental_curve,PDF p5 Figure3d,figures/wang2021-figure3-cd.png,984,337.0,color_symbol_pixel_readout,unassigned,False
SRC_WANG_2021_SLUDGE_DRYING,mianyang_qixingba_sludge,50,60,170,0.052308,0.013846,,derived_from_evidence,reported_experimental_curve,PDF p5 Figure3d,figures/wang2021-figure3-cd.png,1001,339,color_symbol_pixel_readout,unassigned,False
SRC_WANG_2021_SLUDGE_DRYING,mianyang_qixingba_sludge,50,60,180,0.049231,0.015385,,derived_from_evidence,reported_experimental_curve,PDF p5 Figure3d,figures/wang2021-figure3-cd.png,1018,340.0,color_symbol_pixel_readout,unassigned,False
SRC_WANG_2021_SLUDGE_DRYING,mianyang_qixingba_sludge,50,60,190,0.049231,0.013846,,derived_from_evidence,reported_experimental_curve,PDF p5 Figure3d,figures/wang2021-figure3-cd.png,1035,340,color_symbol_pixel_readout,unassigned,False
SRC_WANG_2021_SLUDGE_DRYING,mianyang_qixingba_sludge,60,60,0,1.0,0.0,,derived_from_evidence,reported_experimental_curve,PDF p5 Figure3d,figures/wang2021-figure3-cd.png,714,31.0,initial_normalization_defined_by_source_eq2,unassigned,False
SRC_WANG_2021_SLUDGE_DRYING,mianyang_qixingba_sludge,60,60,10,0.852308,0.029231,,derived_from_evidence,reported_experimental_curve,PDF p5 Figure3d,figures/wang2021-figure3-cd.png,731,79,color_symbol_pixel_readout,unassigned,False
SRC_WANG_2021_SLUDGE_DRYING,mianyang_qixingba_sludge,60,60,20,0.693846,0.021538,,derived_from_evidence,reported_experimental_curve,PDF p5 Figure3d,figures/wang2021-figure3-cd.png,748,130.5,color_symbol_pixel_readout,unassigned,False
SRC_WANG_2021_SLUDGE_DRYING,mianyang_qixingba_sludge,60,60,30,0.556923,0.021538,,derived_from_evidence,reported_experimental_curve,PDF p5 Figure3d,figures/wang2021-figure3-cd.png,765,175,color_symbol_pixel_readout,unassigned,False
SRC_WANG_2021_SLUDGE_DRYING,mianyang_qixingba_sludge,60,60,40,0.427692,0.02,,derived_from_evidence,reported_experimental_curve,PDF p5 Figure3d,figures/wang2021-figure3-cd.png,782,217.0,color_symbol_pixel_readout,unassigned,False
SRC_WANG_2021_SLUDGE_DRYING,mianyang_qixingba_sludge,60,60,50,0.329231,0.013846,,derived_from_evidence,reported_experimental_curve,PDF p5 Figure3d,figures/wang2021-figure3-cd.png,798,249.0,color_symbol_pixel_readout,unassigned,False
SRC_WANG_2021_SLUDGE_DRYING,mianyang_qixingba_sludge,60,60,60,0.235385,0.013846,,derived_from_evidence,reported_experimental_curve,PDF p5 Figure3d,figures/wang2021-figure3-cd.png,815,279.5,color_symbol_pixel_readout,unassigned,False
SRC_WANG_2021_SLUDGE_DRYING,mianyang_qixingba_sludge,60,60,70,0.164615,0.013846,,derived_from_evidence,reported_experimental_curve,PDF p5 Figure3d,figures/wang2021-figure3-cd.png,832,302.5,color_symbol_pixel_readout,unassigned,False
SRC_WANG_2021_SLUDGE_DRYING,mianyang_qixingba_sludge,60,60,80,0.104615,0.013846,,derived_from_evidence,reported_experimental_curve,PDF p5 Figure3d,figures/wang2021-figure3-cd.png,849,322.0,color_symbol_pixel_readout,unassigned,False
SRC_WANG_2021_SLUDGE_DRYING,mianyang_qixingba_sludge,60,60,90,0.075385,0.013846,,derived_from_evidence,reported_experimental_curve,PDF p5 Figure3d,figures/wang2021-figure3-cd.png,866,331.5,color_symbol_pixel_readout,unassigned,False
SRC_WANG_2021_SLUDGE_DRYING,mianyang_qixingba_sludge,60,60,100,0.056923,0.013846,,derived_from_evidence,reported_experimental_curve,PDF p5 Figure3d,figures/wang2021-figure3-cd.png,883,337.5,color_symbol_pixel_readout,unassigned,False
SRC_WANG_2021_SLUDGE_DRYING,mianyang_qixingba_sludge,60,60,110,0.04,0.012308,,derived_from_evidence,reported_experimental_curve,PDF p5 Figure3d,figures/wang2021-figure3-cd.png,900,343,color_symbol_pixel_readout,unassigned,False
