source_id,condition_id,joined_time_min,source_internal_time_lexeme,source_external_time_lexeme,internal_pdf_page,internal_row_on_page,external_pdf_page,external_row_on_page,protocol_segment,source_internal_numeric_row,source_external_numeric_row,D_mm,CF1_mm,LF1_mm,CF2_mm,LF2_mm,CF3_mm,LF3_mm,CF4_mm,LF4_mm,A_mm_as_printed,C_mm_as_printed,L_mm_as_printed,author_volume_mm3_lexeme,author_volume_mm3,author_V_over_V0,author_V_over_V0_percent
SILVA2018,70C_C3_C4,0,0,0,163,1,165,1,main_drying,"0       15,40    33,41    15,97    74,00    75,61    36,75    26,54   31,04      62,84",0       142      300     200    3.682.082 3.682.082            1          100,15.40,33.41,15.97,74.00,75.61,36.75,26.54,31.04,62.84,142,300,200,3.682.082,3682082,1,100
SILVA2018,70C_C3_C4,5,5,5,163,2,165,2,main_drying,"5       15,71    33,95    16,05    73,86    75,93    36,76    26,43   31,16      62,85","5       142      300     200                 3.645.042 0,989941 98,99405",15.71,33.95,16.05,73.86,75.93,36.76,26.43,31.16,62.85,142,300,200,3.645.042,3645042,0.989941,98.99405
SILVA2018,70C_C3_C4,10,10,10,163,3,165,3,main_drying,"10      15,85    33,90    16,12    74,09    76,18    36,72    26,86   31,60      63,03","10      142      300     199                 3.587.621 0,974346 97,43458",15.85,33.90,16.12,74.09,76.18,36.72,26.86,31.60,63.03,142,300,199,3.587.621,3587621,0.974346,97.43458
SILVA2018,70C_C3_C4,15,15,15,163,4,165,4,main_drying,"15      15,73    33,99    16,30    74,12    76,43    35,83    26,93   31,58      62,74","15      141      299     199                 3.494.977 0,949185 94,91848",15.73,33.99,16.30,74.12,76.43,35.83,26.93,31.58,62.74,141,299,199,3.494.977,3494977,0.949185,94.91848
SILVA2018,70C_C3_C4,20,20,20,163,5,165,5,main_drying,"20      16,51    33,55    16,43    74,23    76,15    36,17    27,10 31,64        62,19","20      141      298     198                 3.436.019 0,933173 93,31728",16.51,33.55,16.43,74.23,76.15,36.17,27.10,31.64,62.19,141,298,198,3.436.019,3436019,0.933173,93.31728
SILVA2018,70C_C3_C4,25,25,25,163,6,165,6,main_drying,"25      16,28    33,93    16,72    74,41    76,72    36,39    27,12   31,63      62,27","25      141      299     193                 3.316.590 0,900738 90,07377",16.28,33.93,16.72,74.41,76.72,36.39,27.12,31.63,62.27,141,299,193,3.316.590,3316590,0.900738,90.07377
SILVA2018,70C_C3_C4,30,30,30,163,7,165,7,main_drying,"30      15,99    33,93    16,87    74,39    76,49    36,33    27,26   31,53      62,21","30      140      298     198                 3.315.567 0,900460 90,04598",15.99,33.93,16.87,74.39,76.49,36.33,27.26,31.53,62.21,140,298,198,3.315.567,3315567,0.900460,90.04598
SILVA2018,70C_C3_C4,40,40,40,163,8,165,8,main_drying,"40      16,29    33,85    17,18    74,28    76,49    35,94    26,87   30,95      61,68","40      140      297     197                 3.276.713 0,889907 88,99075",16.29,33.85,17.18,74.28,76.49,35.94,26.87,30.95,61.68,140,297,197,3.276.713,3276713,0.889907,88.99075
SILVA2018,70C_C3_C4,50,50,50,163,9,165,9,main_drying,"50      16,71    33,29    17,13    74,27    76,28    35,43    26,66   31,11      60,92","50      139      296     196                 3.218.327 0,874051 87,40508",16.71,33.29,17.13,74.27,76.28,35.43,26.66,31.11,60.92,139,296,196,3.218.327,3218327,0.874051,87.40508
SILVA2018,70C_C3_C4,60,60,60,163,10,165,10,main_drying,"60      16,49    33,24    17,71    73,98    76,56    35,47    26,09   30,47      60,00","60      140      294     195                 3.194.946 0,867701 86,77009",16.49,33.24,17.71,73.98,76.56,35.47,26.09,30.47,60.00,140,294,195,3.194.946,3194946,0.867701,86.77009
SILVA2018,70C_C3_C4,70,70,70,163,11,165,11,main_drying,"70      16,47    32,84    17,99    73,88    75,90    35,51    26,33   30,78      60,77","70      139      293     194                 3.096.307 0,840912 84,09119",16.47,32.84,17.99,73.88,75.90,35.51,26.33,30.78,60.77,139,293,194,3.096.307,3096307,0.840912,84.09119
SILVA2018,70C_C3_C4,80,80,80,163,12,165,12,main_drying,"80      16,83    32,96    18,43    73,42    75,36    35,60    26,02   30,59      60,80","80      139      293     194                 3.087.933 0,838638 83,86378",16.83,32.96,18.43,73.42,75.36,35.60,26.02,30.59,60.80,139,293,194,3.087.933,3087933,0.838638,83.86378
SILVA2018,70C_C3_C4,90,90,90,163,13,165,13,main_drying,"90      16,33    32,82    18,56    73,01    75,30    35,33    25,88   30,45      61,06","90      139      292     193                 3.074.306 0,834937 83,49367",16.33,32.82,18.56,73.01,75.30,35.33,25.88,30.45,61.06,139,292,193,3.074.306,3074306,0.834937,83.49367
SILVA2018,70C_C3_C4,120,120,120,163,14,165,14,main_drying,"120      15,89    32,75    18,06    72,28    74,45    35,33    25,71   30,12      60,38","120      138      291     192                 3.082.199 0,837080 83,70804",15.89,32.75,18.06,72.28,74.45,35.33,25.71,30.12,60.38,138,291,192,3.082.199,3082199,0.837080,83.70804
SILVA2018,70C_C3_C4,150,150,150,163,15,165,15,main_drying,"150      16,09    32,76    17,13    71,62    74,07    35,46    25,98   29,96      60,42","150      138      289     191                 3.099.925 0,841894 84,18945",16.09,32.76,17.13,71.62,74.07,35.46,25.98,29.96,60.42,138,289,191,3.099.925,3099925,0.841894,84.18945
SILVA2018,70C_C3_C4,180,180,180,163,16,165,16,main_drying,"180      15,74    32,84    16,40    71,43    74,00    35,60    26,12   29,46      60,62","180      138      288     191                 3.137.398 0,852072 85,20717",15.74,32.84,16.40,71.43,74.00,35.60,26.12,29.46,60.62,138,288,191,3.137.398,3137398,0.852072,85.20717
SILVA2018,70C_C3_C4,210,210,210,163,17,165,17,main_drying,"210      15,54    32,51    15,96    71,20    73,28    35,63    26,16   29,98      60,97","210      137      288     192                 3.164.184 0,859346 85,93464",15.54,32.51,15.96,71.20,73.28,35.63,26.16,29.98,60.97,137,288,192,3.164.184,3164184,0.859346,85.93464
SILVA2018,70C_C3_C4,240,240,240,163,18,165,18,main_drying,"240      15,65    32,38    15,91    70,82    73,33    35,34    26,27   30,22      60,80","240      137      288     191                 3.164.410 0,859408 85,94076",15.65,32.38,15.91,70.82,73.33,35.34,26.27,30.22,60.80,137,288,191,3.164.410,3164410,0.859408,85.94076
SILVA2018,70C_C3_C4,270,270,270,163,19,165,19,main_drying,"270      15,58    32,63    16,40    71,26    73,59    35,65    26,27   30,41      61,07","270      137      288     192                 3.106.740 0,843745 84,37453",15.58,32.63,16.40,71.26,73.59,35.65,26.27,30.41,61.07,137,288,192,3.106.740,3106740,0.843745,84.37453
SILVA2018,70C_C3_C4,330,330,330,163,20,165,20,main_drying,"330      15,88    32,73    16,01    71,08    73,21    35,55    26,34   30,32      60,96","330      137      288     192                 3.143.942 0,853849 85,38488",15.88,32.73,16.01,71.08,73.21,35.55,26.34,30.32,60.96,137,288,192,3.143.942,3143942,0.853849,85.38488
SILVA2018,70C_C3_C4,390,390,390,163,21,165,21,main_drying,"390      15,61    32,70    16,27    71,34    73,09    35,68    25,78   30,43      60,90","390      137      288     192                 3.138.342 0,852328 85,23281",15.61,32.70,16.27,71.34,73.09,35.68,25.78,30.43,60.90,137,288,192,3.138.342,3138342,0.852328,85.23281
SILVA2018,70C_C3_C4,450,450,450,163,22,165,22,main_drying,"450      15,80    32,78    16,27    71,32    73,64    35,74    26,22   30,49      60,90","450      137      288     191                 3.087.114 0,838415 83,84153",15.80,32.78,16.27,71.32,73.64,35.74,26.22,30.49,60.90,137,288,191,3.087.114,3087114,0.838415,83.84153
SILVA2018,70C_C3_C4,510,510,510,163,23,165,23,main_drying,"510      15,62    32,37    16,12    71,45    72,99    35,69    26,21   30,24      60,92","510      137      288     191                 3.135.075 0,851441 85,14407",15.62,32.37,16.12,71.45,72.99,35.69,26.21,30.24,60.92,137,288,191,3.135.075,3135075,0.851441,85.14407
SILVA2018,70C_C3_C4,570,570,570,163,24,165,24,main_drying,"570      15,71    32,73    16,17    71,33    72,96    35,63    25,94   30,35      60,78","570      137      288     191                 3.128.578 0,849676 84,96763",15.71,32.73,16.17,71.33,72.96,35.63,25.94,30.35,60.78,137,288,191,3.128.578,3128578,0.849676,84.96763
SILVA2018,70C_C3_C4,630,630,630,163,25,165,25,main_drying,"630      15,64    32,65    15,96    70,91    73,34    35,49    26,33   30,48      61,10","630      137      288     191                 3.138.815 0,852456 85,24564",15.64,32.65,15.96,70.91,73.34,35.49,26.33,30.48,61.10,137,288,191,3.138.815,3138815,0.852456,85.24564
SILVA2018,70C_C3_C4,690,690,690,163,26,165,26,main_drying,"690      15,45    32,71    16,08    71,31    73,18    35,71    26,32   30,33      61,00","690      137      288     191                 3.122.495 0,848024 84,80243",15.45,32.71,16.08,71.31,73.18,35.71,26.32,30.33,61.00,137,288,191,3.122.495,3122495,0.848024,84.80243
SILVA2018,70C_C3_C4,750,750,750,163,27,165,27,main_drying,"750      15,49    32,72    16,22    71,26    73,19    35,71    26,19   30,48      61,13","750      137      288     191                 3.113.053 0,845460 84,54599",15.49,32.72,16.22,71.26,73.19,35.71,26.19,30.48,61.13,137,288,191,3.113.053,3113053,0.845460,84.54599
SILVA2018,70C_C3_C4,810,810,810,163,28,165,28,main_drying,"810      15,76    32,09    16,55    71,31    73,22    35,55    26,08   30,39      61,05","810      137      288     191                 3.112.631 0,845345 84,53454",15.76,32.09,16.55,71.31,73.22,35.55,26.08,30.39,61.05,137,288,191,3.112.631,3112631,0.845345,84.53454
SILVA2018,70C_C3_C4,870,870,870,163,29,165,29,main_drying,"870      15,66    32,76    16,47    70,92    73,48    35,79    25,97   30,54      61,04","870      137      288     191                 3.095.507 0,840695 84,06947",15.66,32.76,16.47,70.92,73.48,35.79,25.97,30.54,61.04,137,288,191,3.095.507,3095507,0.840695,84.06947
SILVA2018,70C_C3_C4,930,930,930,163,30,165,30,main_drying,"930      15,49    32,62    16,47    70,95    73,13    35,65    26,18   30,39      60,79","930      137      288     191                 3.112.870 0,845410 84,54102",15.49,32.62,16.47,70.95,73.13,35.65,26.18,30.39,60.79,137,288,191,3.112.870,3112870,0.845410,84.54102
SILVA2018,70C_C3_C4,990,990,990,164,1,166,1,main_drying,"990     15,57     32,72   16,29    71,32    73,33    35,78    25,85      30,45   61,04","990       137     288     191     3.109.589 0,844519 84,45191",15.57,32.72,16.29,71.32,73.33,35.78,25.85,30.45,61.04,137,288,191,3.109.589,3109589,0.844519,84.45191
SILVA2018,70C_C3_C4,2430,2.430,2.430,164,2,166,2,equilibrium_conditioning_70C_24h,"2.430   14,81     32,55   15,87    71,22    73,19    35,72    26,05      29,93   60,35","2.430     137     289     191     3.199.628 0,868972 86,89724",14.81,32.55,15.87,71.22,73.19,35.72,26.05,29.93,60.35,137,289,191,3.199.628,3199628,0.868972,86.89724
SILVA2018,70C_C3_C4,3870,3.870,3.870,164,3,166,3,dry_mass_conditioning_100C_24h,"3.870   13,87     31,77   15,75    72,22    72,77    34,03    27,25      29,16   60,80","3.870     136     287     190     3.121.759 0,847824 84,78243",13.87,31.77,15.75,72.22,72.77,34.03,27.25,29.16,60.80,136,287,190,3.121.759,3121759,0.847824,84.78243
