candidate_id,condition_id,source_id,pdf_page,printed_page,table,source_row,time_min,protocol_segment_inferred,source_numeric_row,R1_mm_as_printed,R2_mm_as_printed,R3_mm_as_printed,a1_mm,a2_mm,a3_mm,a4_mm,mass_g,surface_vertex_temperature_C,room_temperature_C,room_relative_humidity_percent
SILVA2009_HOLLOW,70C_A3,SILVA2009,196,170,A3,1,0,main_drying,"0     93,16    197    203     8,54    9,87    7,99    6,96    3055    26,0    26,9  68",93.16,197,203,8.54,9.87,7.99,6.96,3055,26.0,26.9,68
SILVA2009_HOLLOW,70C_A3,SILVA2009,196,170,A3,2,10,main_drying,"10    93,11    196    202     8,41    9,93    7,35    7,18    3038    36,5    26,9  68",93.11,196,202,8.41,9.93,7.35,7.18,3038,36.5,26.9,68
SILVA2009_HOLLOW,70C_A3,SILVA2009,196,170,A3,3,20,main_drying,"20     93,27    195    202     8,16    9,64    7,46    6,83    3016    38,2    26,9  67",93.27,195,202,8.16,9.64,7.46,6.83,3016,38.2,26.9,67
SILVA2009_HOLLOW,70C_A3,SILVA2009,196,170,A3,4,30,main_drying,"30     93,52    195    200     8,17    9,50    7,38    6,75    2995    36,5    26,9  66",93.52,195,200,8.17,9.50,7.38,6.75,2995,36.5,26.9,66
SILVA2009_HOLLOW,70C_A3,SILVA2009,196,170,A3,5,40,main_drying,"40      93,7    194    199     8,13    9,48    7,30    6,69    2974    37,0    26,9  65",93.7,194,199,8.13,9.48,7.30,6.69,2974,37.0,26.9,65
SILVA2009_HOLLOW,70C_A3,SILVA2009,196,170,A3,6,50,main_drying,"50     93,55    194    199     8,05    9,44    7,29    6,52    2954    38,6    26,9  65",93.55,194,199,8.05,9.44,7.29,6.52,2954,38.6,26.9,65
SILVA2009_HOLLOW,70C_A3,SILVA2009,196,170,A3,7,60,main_drying,"60     93,22    193    198     8,08    9,39    7,30    6,61    2933    39,0    26,9  63",93.22,193,198,8.08,9.39,7.30,6.61,2933,39.0,26.9,63
SILVA2009_HOLLOW,70C_A3,SILVA2009,196,170,A3,8,70,main_drying,"70     92,86    192    198     7,99    8,95    7,17     6,52   2910    41,0    26.9  63",92.86,192,198,7.99,8.95,7.17,6.52,2910,41.0,26.9,63
SILVA2009_HOLLOW,70C_A3,SILVA2009,196,170,A3,9,80,main_drying,"80     92,51    192    197     8,08    9,46    7,18     6,57   2894    39,0    26.9  63",92.51,192,197,8.08,9.46,7.18,6.57,2894,39.0,26.9,63
SILVA2009_HOLLOW,70C_A3,SILVA2009,196,170,A3,10,90,main_drying,"90     92,11    191    197     8,10    9,44    7,19     6,55   2880    40,3    26,9  62",92.11,191,197,8.10,9.44,7.19,6.55,2880,40.3,26.9,62
SILVA2009_HOLLOW,70C_A3,SILVA2009,196,170,A3,11,100,main_drying,"100    91,52    191    197     8,03    9,28    7,19     6,61   2865    41,2    26,9  64",91.52,191,197,8.03,9.28,7.19,6.61,2865,41.2,26.9,64
SILVA2009_HOLLOW,70C_A3,SILVA2009,196,170,A3,12,110,main_drying,"110    91,32    190    196     8,05    9,57    7,30     6,71   2847    41,7    26,9  66",91.32,190,196,8.05,9.57,7.30,6.71,2847,41.7,26.9,66
SILVA2009_HOLLOW,70C_A3,SILVA2009,196,170,A3,13,120,main_drying,"120    90,95    189    196     8,06    9,46    7,28     6,56   2835    41,3    26,9  66",90.95,189,196,8.06,9.46,7.28,6.56,2835,41.3,26.9,66
SILVA2009_HOLLOW,70C_A3,SILVA2009,196,170,A3,14,130,main_drying,"130    90,72    189     195    8,06    9,51    7,34     6,64   2820    43,0    26,9  67",90.72,189,195,8.06,9.51,7.34,6.64,2820,43.0,26.9,67
SILVA2009_HOLLOW,70C_A3,SILVA2009,196,170,A3,15,140,main_drying,"140    90,42    189    194     8,05    9,47    7,32     6,72   2807    42,5    26,9  68",90.42,189,194,8.05,9.47,7.32,6.72,2807,42.5,26.9,68
SILVA2009_HOLLOW,70C_A3,SILVA2009,196,170,A3,16,150,main_drying,"150    90,26    189    195     8,05    9,46    7,26     6,98   2795    42,5    26,9  68",90.26,189,195,8.05,9.46,7.26,6.98,2795,42.5,26.9,68
SILVA2009_HOLLOW,70C_A3,SILVA2009,196,170,A3,17,160,main_drying,"160    90,01    188    194     8,05    9,24    7,26     6,74   2783    46,2    26,8  69",90.01,188,194,8.05,9.24,7.26,6.74,2783,46.2,26.8,69
SILVA2009_HOLLOW,70C_A3,SILVA2009,196,170,A3,18,170,main_drying,"170    89,96    189    194     8,05    9,38    7,32     6,98   2770    46,9    26,6  69",89.96,189,194,8.05,9.38,7.32,6.98,2770,46.9,26.6,69
SILVA2009_HOLLOW,70C_A3,SILVA2009,196,170,A3,19,180,main_drying,"180    89,75    189    194     8,06    9,58    7,22     7,19   2761    47,7    26,6  69",89.75,189,194,8.06,9.58,7.22,7.19,2761,47.7,26.6,69
SILVA2009_HOLLOW,70C_A3,SILVA2009,196,170,A3,20,190,main_drying,"190    89,76    188    194     8,00    9,69    7,24     6,70   2753    48,2    26,5  68",89.76,188,194,8.00,9.69,7.24,6.70,2753,48.2,26.5,68
SILVA2009_HOLLOW,70C_A3,SILVA2009,196,170,A3,21,200,main_drying,"200     89,63    189    195     8,04    9,45    7,26     6,76   2744    50,1    26,5  68",89.63,189,195,8.04,9.45,7.26,6.76,2744,50.1,26.5,68
SILVA2009_HOLLOW,70C_A3,SILVA2009,196,170,A3,22,210,main_drying,"210     89,62    188    194     8,04    9.45    7,22     6,70   2737    52,1    26,5  69",89.62,188,194,8.04,9.45,7.22,6.70,2737,52.1,26.5,69
SILVA2009_HOLLOW,70C_A3,SILVA2009,196,170,A3,23,220,main_drying,"220     89,73    188    194     8,04    9,32    7,24     6,92   2732    52,2    26,5  68",89.73,188,194,8.04,9.32,7.24,6.92,2732,52.2,26.5,68
SILVA2009_HOLLOW,70C_A3,SILVA2009,196,170,A3,24,230,main_drying,"230     89,82    188    194      8,0    9,52    7,32     6,69   2725    53,2    26,4  68",89.82,188,194,8.0,9.52,7.32,6.69,2725,53.2,26.4,68
SILVA2009_HOLLOW,70C_A3,SILVA2009,196,170,A3,25,240,main_drying,"240     89,59    188    194     8,02    9.48    7,25     6,65   2718    53,8    26,4  67",89.59,188,194,8.02,9.48,7.25,6.65,2718,53.8,26.4,67
SILVA2009_HOLLOW,70C_A3,SILVA2009,196,170,A3,26,250,main_drying,"250     89,53    188    194     8,05    9,52    7,27     6,60   2714    54,8    26,4  67",89.53,188,194,8.05,9.52,7.27,6.60,2714,54.8,26.4,67
SILVA2009_HOLLOW,70C_A3,SILVA2009,196,170,A3,27,260,main_drying,"260     89,65    188    194     8,02    9,48    7,30     6,57   2710    55,3    26,5  68",89.65,188,194,8.02,9.48,7.30,6.57,2710,55.3,26.5,68
SILVA2009_HOLLOW,70C_A3,SILVA2009,196,170,A3,28,290,main_drying,"290     89,72    188     195    8,00    9,52    7.27     6,64   2697    59,7    26,5  67",89.72,188,195,8.00,9.52,7.27,6.64,2697,59.7,26.5,67
SILVA2009_HOLLOW,70C_A3,SILVA2009,196,170,A3,29,320,main_drying,"320     89,75    188    194     8,00    9,46    7,25     6,62   2687    60,6    26,6  67",89.75,188,194,8.00,9.46,7.25,6.62,2687,60.6,26.6,67
SILVA2009_HOLLOW,70C_A3,SILVA2009,196,170,A3,30,350,main_drying,"350     89,58    188    195     7,97    9.48    7,29     6,54   2679    61,5    26,6  67",89.58,188,195,7.97,9.48,7.29,6.54,2679,61.5,26.6,67
SILVA2009_HOLLOW,70C_A3,SILVA2009,196,170,A3,31,380,main_drying,"380     89,85    188    194     7,99    9,47    7,22     6,50   2674    62,3    26,5  68",89.85,188,194,7.99,9.47,7.22,6.50,2674,62.3,26.5,68
SILVA2009_HOLLOW,70C_A3,SILVA2009,196,170,A3,32,410,main_drying,"410     89,81    188    194     7,95    8,92    7,26     6,50   2670    63,0    26,4  70",89.81,188,194,7.95,8.92,7.26,6.50,2670,63.0,26.4,70
SILVA2009_HOLLOW,70C_A3,SILVA2009,196,170,A3,33,440,main_drying,"440     89,73    188    195     8,08    8,51    7,14     6,63   2666    62,3    26,1  71",89.73,188,195,8.08,8.51,7.14,6.63,2666,62.3,26.1,71
SILVA2009_HOLLOW,70C_A3,SILVA2009,196,170,A3,34,470,main_drying,"470     89,47    188    195     8,02    8,67    7,17     6,57   2665    62,5    26,1  71",89.47,188,195,8.02,8.67,7.17,6.57,2665,62.5,26.1,71
SILVA2009_HOLLOW,70C_A3,SILVA2009,196,170,A3,35,530,main_drying,"530    89,55    188    194     7,98    8,41    7,14     6,59   2659    62,9    25,9  71",89.55,188,194,7.98,8.41,7.14,6.59,2659,62.9,25.9,71
SILVA2009_HOLLOW,70C_A3,SILVA2009,196,170,A3,36,590,main_drying,"590    89,56    188    194     7,95    8,37    7,13     6,59   2656    64,1    26,3  70",89.56,188,194,7.95,8.37,7.13,6.59,2656,64.1,26.3,70
SILVA2009_HOLLOW,70C_A3,SILVA2009,196,170,A3,37,650,main_drying,"650     89,65    188    194     7,98    8,60    7,24     6,64   2655    63,3    26,0  69",89.65,188,194,7.98,8.60,7.24,6.64,2655,63.3,26.0,69
SILVA2009_HOLLOW,70C_A3,SILVA2009,196,170,A3,38,710,main_drying,"710     89,47    188    194     8,04    8,36    7,14     6,69   2653    64,1    26,0  69",89.47,188,194,8.04,8.36,7.14,6.69,2653,64.1,26.0,69
SILVA2009_HOLLOW,70C_A3,SILVA2009,196,170,A3,39,770,main_drying,"770    89,68    188    194     8,01    8,36    7,19     6,94   2652    64,7    25,9  69",89.68,188,194,8.01,8.36,7.19,6.94,2652,64.7,25.9,69
SILVA2009_HOLLOW,70C_A3,SILVA2009,196,170,A3,40,830,main_drying,"830     89,5    188    194     7,96    8,34    7,12     6,64   2651    64,7    25,9  70",89.5,188,194,7.96,8.34,7.12,6.64,2651,64.7,25.9,70
SILVA2009_HOLLOW,70C_A3,SILVA2009,196,170,A3,41,890,main_drying,"890    89,46    188    194     8,01    8,34    7,16     6,65   2650    63,8    25,9  69",89.46,188,194,8.01,8.34,7.16,6.65,2650,63.8,25.9,69
SILVA2009_HOLLOW,70C_A3,SILVA2009,196,170,A3,42,950,main_drying,"950    89,46    188    194     8,01    8,30    7,15     6,64   2650    63,6    26,0  69",89.46,188,194,8.01,8.30,7.15,6.64,2650,63.6,26.0,69
SILVA2009_HOLLOW,70C_A3,SILVA2009,196,170,A3,43,1010,main_drying,"1010    89,47    188    194     8,00    8.40    7,19     6,70   2650    62.3    26,0  70",89.47,188,194,8.00,8.40,7.19,6.70,2650,62.3,26.0,70
SILVA2009_HOLLOW,70C_A3,SILVA2009,196,170,A3,44,1070,main_drying,"1070    89,56    188    194     7,92    8.26    7,13     6,52   2649    64,5    25,9  69",89.56,188,194,7.92,8.26,7.13,6.52,2649,64.5,25.9,69
SILVA2009_HOLLOW,70C_A3,SILVA2009,196,170,A3,45,2510,post_main_24h,"2510    89,55    188    194     7,92    9,39    7,12     6,75   2647    64,8    26.0  69",89.55,188,194,7.92,9.39,7.12,6.75,2647,64.8,26.0,69
SILVA2009_HOLLOW,70C_A3,SILVA2009,196,170,A3,46,3950,dry_mass_conditioning_24h,"3950    89,36    188    194     8,04    8,87    7,20     6,52   2647    63,7    25,1  89",89.36,188,194,8.04,8.87,7.20,6.52,2647,63.7,25.1,89
