source_id,material_id,temperature_C,relative_humidity_percent,time_min,moisture_ratio,readout_bound_MR,experimental_uncertainty_MR,source_kind,upstream_observation_kind,locator,image,pixel_x,pixel_y,method,calibration_role,independent_material,time_s,observed,readout_bound,rh_percent,prediction,residual,exceeds_readout_plus_numeric
SRC_WANG_2021_SLUDGE_DRYING,mianyang_qixingba_sludge,40,30,10,0.882716,0.023148,,derived_from_evidence,reported_experimental_curve,PDF p5 Figure3a,figures/wang2021-figure3-ab.png,113,75,color_symbol_pixel_readout,unassigned,False,600.0,0.882716,0.023148,30,0.897136928591726,0.014420928591726057,False
SRC_WANG_2021_SLUDGE_DRYING,mianyang_qixingba_sludge,40,30,20,0.762346,0.023148,,derived_from_evidence,reported_experimental_curve,PDF p5 Figure3a,figures/wang2021-figure3-ab.png,130,114,color_symbol_pixel_readout,unassigned,False,1200.0,0.762346,0.023148,30,0.7662335924979604,0.003887592497960446,False
SRC_WANG_2021_SLUDGE_DRYING,mianyang_qixingba_sludge,40,30,30,0.648148,0.021605,,derived_from_evidence,reported_experimental_curve,PDF p5 Figure3a,figures/wang2021-figure3-ab.png,147,151,color_symbol_pixel_readout,unassigned,False,1800.0,0.648148,0.021605,30,0.6581257420049453,0.009977742004945389,False
SRC_WANG_2021_SLUDGE_DRYING,mianyang_qixingba_sludge,40,30,40,0.535494,0.020062,,derived_from_evidence,reported_experimental_curve,PDF p5 Figure3a,figures/wang2021-figure3-ab.png,164,187.5,color_symbol_pixel_readout,unassigned,False,2400.0,0.535494,0.020062,30,0.568046387120186,0.03255238712018593,True
SRC_WANG_2021_SLUDGE_DRYING,mianyang_qixingba_sludge,40,30,50,0.438272,0.015432,,derived_from_evidence,reported_experimental_curve,PDF p5 Figure3a,figures/wang2021-figure3-ab.png,180,219.0,color_symbol_pixel_readout,unassigned,False,3000.0,0.438272,0.015432,30,0.49138500484144215,0.05311300484144216,True
SRC_WANG_2021_SLUDGE_DRYING,mianyang_qixingba_sludge,40,30,60,0.345679,0.015432,,derived_from_evidence,reported_experimental_curve,PDF p5 Figure3a,figures/wang2021-figure3-ab.png,197,249,color_symbol_pixel_readout,unassigned,False,3600.0,0.345679,0.015432,30,0.4254492323249758,0.07977023232497576,True
SRC_WANG_2021_SLUDGE_DRYING,mianyang_qixingba_sludge,40,30,70,0.262346,0.013889,,derived_from_evidence,reported_experimental_curve,PDF p5 Figure3a,figures/wang2021-figure3-ab.png,214,276,color_symbol_pixel_readout,unassigned,False,4200.0,0.262346,0.013889,30,0.36848993344718783,0.10614393344718781,True
SRC_WANG_2021_SLUDGE_DRYING,mianyang_qixingba_sludge,40,30,80,0.191358,0.012346,,derived_from_evidence,reported_experimental_curve,PDF p5 Figure3a,figures/wang2021-figure3-ab.png,231,299.0,color_symbol_pixel_readout,unassigned,False,4800.0,0.191358,0.012346,30,0.31920037732355927,0.12784237732355927,True
SRC_WANG_2021_SLUDGE_DRYING,mianyang_qixingba_sludge,40,30,90,0.12037,0.013889,,derived_from_evidence,reported_experimental_curve,PDF p5 Figure3a,figures/wang2021-figure3-ab.png,248,322.0,color_symbol_pixel_readout,unassigned,False,5400.0,0.12037,0.013889,30,0.27651909399058217,0.15614909399058216,True
SRC_WANG_2021_SLUDGE_DRYING,mianyang_qixingba_sludge,40,30,100,0.083333,0.012346,,derived_from_evidence,reported_experimental_curve,PDF p5 Figure3a,figures/wang2021-figure3-ab.png,265,334,color_symbol_pixel_readout,unassigned,False,6000.0,0.083333,0.012346,30,0.23955024591547663,0.15621724591547664,True
SRC_WANG_2021_SLUDGE_DRYING,mianyang_qixingba_sludge,40,30,110,0.049383,0.012346,,derived_from_evidence,reported_experimental_curve,PDF p5 Figure3a,figures/wang2021-figure3-ab.png,282,345,color_symbol_pixel_readout,unassigned,False,6600.0,0.049383,0.012346,30,0.2075258337133141,0.15814283371331408,True
SRC_WANG_2021_SLUDGE_DRYING,mianyang_qixingba_sludge,40,30,120,0.04321,0.013889,,derived_from_evidence,reported_experimental_curve,PDF p5 Figure3a,figures/wang2021-figure3-ab.png,299,347,color_symbol_pixel_readout,unassigned,False,7200.0,0.04321,0.013889,30,0.1797833290793782,0.1365733290793782,True
SRC_WANG_2021_SLUDGE_DRYING,mianyang_qixingba_sludge,40,30,130,0.040123,0.013889,,derived_from_evidence,reported_experimental_curve,PDF p5 Figure3a,figures/wang2021-figure3-ab.png,316,348.0,color_symbol_pixel_readout,unassigned,False,7800.0,0.040123,0.013889,30,0.15574976302985877,0.11562676302985878,True
SRC_WANG_2021_SLUDGE_DRYING,mianyang_qixingba_sludge,40,30,140,0.03858,0.012346,,derived_from_evidence,reported_experimental_curve,PDF p5 Figure3a,figures/wang2021-figure3-ab.png,332,348.5,color_symbol_pixel_readout,unassigned,False,8400.0,0.03858,0.012346,30,0.13492911838416427,0.09634911838416427,True
SRC_WANG_2021_SLUDGE_DRYING,mianyang_qixingba_sludge,40,40,10,0.91358,0.013889,,derived_from_evidence,reported_experimental_curve,PDF p5 Figure3b,figures/wang2021-figure3-ab.png,731,65.0,color_symbol_pixel_readout,unassigned,False,600.0,0.91358,0.013889,40,0.9075253548355526,-0.006054645164447314,False
SRC_WANG_2021_SLUDGE_DRYING,mianyang_qixingba_sludge,40,40,20,0.825617,0.020062,,derived_from_evidence,reported_experimental_curve,PDF p5 Figure3b,figures/wang2021-figure3-ab.png,748,93.5,color_symbol_pixel_readout,unassigned,False,1200.0,0.825617,0.020062,40,0.7831577970472485,-0.04245920295275152,True
SRC_WANG_2021_SLUDGE_DRYING,mianyang_qixingba_sludge,40,40,30,0.736111,0.018519,,derived_from_evidence,reported_experimental_curve,PDF p5 Figure3b,figures/wang2021-figure3-ab.png,765,122.5,color_symbol_pixel_readout,unassigned,False,1800.0,0.736111,0.018519,40,0.677630976646033,-0.05848002335396696,True
SRC_WANG_2021_SLUDGE_DRYING,mianyang_qixingba_sludge,40,40,40,0.651235,0.020062,,derived_from_evidence,reported_experimental_curve,PDF p5 Figure3b,figures/wang2021-figure3-ab.png,782,150,color_symbol_pixel_readout,unassigned,False,2400.0,0.651235,0.020062,40,0.5886877218817844,-0.06254727811821559,True
SRC_WANG_2021_SLUDGE_DRYING,mianyang_qixingba_sludge,40,40,50,0.561728,0.013889,,derived_from_evidence,reported_experimental_curve,PDF p5 Figure3b,figures/wang2021-figure3-ab.png,798,179.0,color_symbol_pixel_readout,unassigned,False,3000.0,0.561728,0.013889,40,0.5124529638140234,-0.04927503618597662,True
SRC_WANG_2021_SLUDGE_DRYING,mianyang_qixingba_sludge,40,40,60,0.475309,0.013889,,derived_from_evidence,reported_experimental_curve,PDF p5 Figure3b,figures/wang2021-figure3-ab.png,815,207,color_symbol_pixel_readout,unassigned,False,3600.0,0.475309,0.013889,40,0.446475921846647,-0.02883307815335301,True
SRC_WANG_2021_SLUDGE_DRYING,mianyang_qixingba_sludge,40,40,70,0.388889,0.013889,,derived_from_evidence,reported_experimental_curve,PDF p5 Figure3b,figures/wang2021-figure3-ab.png,832,235.0,color_symbol_pixel_readout,unassigned,False,4200.0,0.388889,0.013889,40,0.3891308160131586,0.00024181601315859114,False
SRC_WANG_2021_SLUDGE_DRYING,mianyang_qixingba_sludge,40,40,80,0.308642,0.013889,,derived_from_evidence,reported_experimental_curve,PDF p5 Figure3b,figures/wang2021-figure3-ab.png,849,261,color_symbol_pixel_readout,unassigned,False,4800.0,0.308642,0.013889,40,0.3391998852877897,0.030557885287789688,True
SRC_WANG_2021_SLUDGE_DRYING,mianyang_qixingba_sludge,40,40,90,0.234568,0.013889,,derived_from_evidence,reported_experimental_curve,PDF p5 Figure3b,figures/wang2021-figure3-ab.png,866,285,color_symbol_pixel_readout,unassigned,False,5400.0,0.234568,0.013889,40,0.2956932353921573,0.06112523539215731,True
SRC_WANG_2021_SLUDGE_DRYING,mianyang_qixingba_sludge,40,40,100,0.166667,0.013889,,derived_from_evidence,reported_experimental_curve,PDF p5 Figure3b,figures/wang2021-figure3-ab.png,883,307.0,color_symbol_pixel_readout,unassigned,False,6000.0,0.166667,0.013889,40,0.2577731681026976,0.09110616810269762,True
SRC_WANG_2021_SLUDGE_DRYING,mianyang_qixingba_sludge,40,40,110,0.104938,0.013889,,derived_from_evidence,reported_experimental_curve,PDF p5 Figure3b,figures/wang2021-figure3-ab.png,900,327.0,color_symbol_pixel_readout,unassigned,False,6600.0,0.104938,0.013889,40,0.22471832549863446,0.11978032549863446,True
SRC_WANG_2021_SLUDGE_DRYING,mianyang_qixingba_sludge,40,40,120,0.070988,0.013889,,derived_from_evidence,reported_experimental_curve,PDF p5 Figure3b,figures/wang2021-figure3-ab.png,917,338,color_symbol_pixel_readout,unassigned,False,7200.0,0.070988,0.013889,40,0.19590303447505608,0.12491503447505609,True
SRC_WANG_2021_SLUDGE_DRYING,mianyang_qixingba_sludge,40,40,130,0.055556,0.013889,,derived_from_evidence,reported_experimental_curve,PDF p5 Figure3b,figures/wang2021-figure3-ab.png,934,343.0,color_symbol_pixel_readout,unassigned,False,7800.0,0.055556,0.013889,40,0.1707830030016786,0.1152270030016786,True
SRC_WANG_2021_SLUDGE_DRYING,mianyang_qixingba_sludge,40,40,140,0.049383,0.013889,,derived_from_evidence,reported_experimental_curve,PDF p5 Figure3b,figures/wang2021-figure3-ab.png,950,345.0,color_symbol_pixel_readout,unassigned,False,8400.0,0.049383,0.013889,40,0.14888415390700277,0.09950115390700276,True
SRC_WANG_2021_SLUDGE_DRYING,mianyang_qixingba_sludge,40,40,150,0.040123,0.013889,,derived_from_evidence,reported_experimental_curve,PDF p5 Figure3b,figures/wang2021-figure3-ab.png,967,348,color_symbol_pixel_readout,unassigned,False,9000.0,0.040123,0.013889,40,0.12979335533790493,0.08967035533790493,True
SRC_WANG_2021_SLUDGE_DRYING,mianyang_qixingba_sludge,40,40,160,0.037037,0.013889,,derived_from_evidence,reported_experimental_curve,PDF p5 Figure3b,figures/wang2021-figure3-ab.png,984,349,color_symbol_pixel_readout,unassigned,False,9600.0,0.037037,0.013889,40,0.11315050790377443,0.07611350790377443,True
SRC_WANG_2021_SLUDGE_DRYING,mianyang_qixingba_sludge,40,50,10,0.947692,0.013846,,derived_from_evidence,reported_experimental_curve,PDF p5 Figure3c,figures/wang2021-figure3-cd.png,113,48.0,color_symbol_pixel_readout,unassigned,False,600.0,0.947692,0.013846,50,0.9190055751187343,-0.028686424881265715,True
SRC_WANG_2021_SLUDGE_DRYING,mianyang_qixingba_sludge,40,50,20,0.883077,0.013846,,derived_from_evidence,reported_experimental_curve,PDF p5 Figure3c,figures/wang2021-figure3-cd.png,130,69.0,color_symbol_pixel_readout,unassigned,False,1200.0,0.883077,0.013846,50,0.8032168786825027,-0.07986012131749731,True
SRC_WANG_2021_SLUDGE_DRYING,mianyang_qixingba_sludge,40,50,30,0.815385,0.013846,,derived_from_evidence,reported_experimental_curve,PDF p5 Figure3c,figures/wang2021-figure3-cd.png,147,91,color_symbol_pixel_readout,unassigned,False,1800.0,0.815385,0.013846,50,0.701630878493732,-0.11375412150626807,True
SRC_WANG_2021_SLUDGE_DRYING,mianyang_qixingba_sludge,40,50,40,0.744615,0.015385,,derived_from_evidence,reported_experimental_curve,PDF p5 Figure3c,figures/wang2021-figure3-cd.png,164,114,color_symbol_pixel_readout,unassigned,False,2400.0,0.744615,0.015385,50,0.6146696360498882,-0.1299453639501118,True
SRC_WANG_2021_SLUDGE_DRYING,mianyang_qixingba_sludge,40,50,50,0.686154,0.013846,,derived_from_evidence,reported_experimental_curve,PDF p5 Figure3c,figures/wang2021-figure3-cd.png,180,133,color_symbol_pixel_readout,unassigned,False,3000.0,0.686154,0.013846,50,0.5394071880342354,-0.14674681196576467,True
SRC_WANG_2021_SLUDGE_DRYING,mianyang_qixingba_sludge,40,50,60,0.627692,0.013846,,derived_from_evidence,reported_experimental_curve,PDF p5 Figure3c,figures/wang2021-figure3-cd.png,197,152,color_symbol_pixel_readout,unassigned,False,3600.0,0.627692,0.013846,50,0.4737355595296493,-0.15395644047035073,True
SRC_WANG_2021_SLUDGE_DRYING,mianyang_qixingba_sludge,40,50,70,0.563077,0.013846,,derived_from_evidence,reported_experimental_curve,PDF p5 Figure3c,figures/wang2021-figure3-cd.png,214,173,color_symbol_pixel_readout,unassigned,False,4200.0,0.563077,0.013846,50,0.41620229601262504,-0.146874703987375,True
SRC_WANG_2021_SLUDGE_DRYING,mianyang_qixingba_sludge,40,50,80,0.501538,0.013846,,derived_from_evidence,reported_experimental_curve,PDF p5 Figure3c,figures/wang2021-figure3-cd.png,231,193.0,color_symbol_pixel_readout,unassigned,False,4800.0,0.501538,0.013846,50,0.365709590746802,-0.13582840925319806,True
SRC_WANG_2021_SLUDGE_DRYING,mianyang_qixingba_sludge,40,50,90,0.446154,0.013846,,derived_from_evidence,reported_experimental_curve,PDF p5 Figure3c,figures/wang2021-figure3-cd.png,248,211.0,color_symbol_pixel_readout,unassigned,False,5400.0,0.446154,0.013846,50,0.32136241297622514,-0.12479158702377485,True
SRC_WANG_2021_SLUDGE_DRYING,mianyang_qixingba_sludge,40,50,100,0.390769,0.015385,,derived_from_evidence,reported_experimental_curve,PDF p5 Figure3c,figures/wang2021-figure3-cd.png,265,229,color_symbol_pixel_readout,unassigned,False,6000.0,0.390769,0.015385,50,0.28240034528998964,-0.10836865471001034,True
SRC_WANG_2021_SLUDGE_DRYING,mianyang_qixingba_sludge,40,50,110,0.335385,0.013846,,derived_from_evidence,reported_experimental_curve,PDF p5 Figure3c,figures/wang2021-figure3-cd.png,282,247.0,color_symbol_pixel_readout,unassigned,False,6600.0,0.335385,0.013846,50,0.2481648367625674,-0.08722016323743259,True
SRC_WANG_2021_SLUDGE_DRYING,mianyang_qixingba_sludge,40,50,120,0.286154,0.013846,,derived_from_evidence,reported_experimental_curve,PDF p5 Figure3c,figures/wang2021-figure3-cd.png,299,263.0,color_symbol_pixel_readout,unassigned,False,7200.0,0.286154,0.013846,50,0.21808076529616632,-0.0680732347038337,True
SRC_WANG_2021_SLUDGE_DRYING,mianyang_qixingba_sludge,40,50,130,0.233846,0.013846,,derived_from_evidence,reported_experimental_curve,PDF p5 Figure3c,figures/wang2021-figure3-cd.png,316,280,color_symbol_pixel_readout,unassigned,False,7800.0,0.233846,0.013846,50,0.19164406973167653,-0.04220193026832347,True
SRC_WANG_2021_SLUDGE_DRYING,mianyang_qixingba_sludge,40,50,140,0.184615,0.013846,,derived_from_evidence,reported_experimental_curve,PDF p5 Figure3c,figures/wang2021-figure3-cd.png,332,296.0,color_symbol_pixel_readout,unassigned,False,8400.0,0.184615,0.013846,50,0.16841229707071553,-0.016202702929284468,True
SRC_WANG_2021_SLUDGE_DRYING,mianyang_qixingba_sludge,40,50,150,0.138462,0.013846,,derived_from_evidence,reported_experimental_curve,PDF p5 Figure3c,figures/wang2021-figure3-cd.png,349,311,color_symbol_pixel_readout,unassigned,False,9000.0,0.138462,0.013846,50,0.14799682026629207,0.009534820266292071,False
SRC_WANG_2021_SLUDGE_DRYING,mianyang_qixingba_sludge,40,50,160,0.092308,0.013846,,derived_from_evidence,reported_experimental_curve,PDF p5 Figure3c,figures/wang2021-figure3-cd.png,366,326,color_symbol_pixel_readout,unassigned,False,9600.0,0.092308,0.013846,50,0.13005619507097307,0.03774819507097307,True
SRC_WANG_2021_SLUDGE_DRYING,mianyang_qixingba_sludge,40,50,170,0.064615,0.013846,,derived_from_evidence,reported_experimental_curve,PDF p5 Figure3c,figures/wang2021-figure3-cd.png,383,335.0,color_symbol_pixel_readout,unassigned,False,10200.0,0.064615,0.013846,50,0.11429039563556627,0.049675395635566263,True
SRC_WANG_2021_SLUDGE_DRYING,mianyang_qixingba_sludge,40,50,180,0.055385,0.013846,,derived_from_evidence,reported_experimental_curve,PDF p5 Figure3c,figures/wang2021-figure3-cd.png,400,338.0,color_symbol_pixel_readout,unassigned,False,10800.0,0.055385,0.013846,50,0.10043577666458535,0.04505077666458535,True
SRC_WANG_2021_SLUDGE_DRYING,mianyang_qixingba_sludge,40,50,190,0.049231,0.013846,,derived_from_evidence,reported_experimental_curve,PDF p5 Figure3c,figures/wang2021-figure3-cd.png,417,340.0,color_symbol_pixel_readout,unassigned,False,11400.0,0.049231,0.013846,50,0.0882606567486319,0.0390296567486319,True
SRC_WANG_2021_SLUDGE_DRYING,mianyang_qixingba_sludge,40,50,200,0.046154,0.013846,,derived_from_evidence,reported_experimental_curve,PDF p5 Figure3c,figures/wang2021-figure3-cd.png,434,341,color_symbol_pixel_readout,unassigned,False,12000.0,0.046154,0.013846,50,0.07756144112569596,0.03140744112569596,True
SRC_WANG_2021_SLUDGE_DRYING,mianyang_qixingba_sludge,40,50,210,0.043077,0.013846,,derived_from_evidence,reported_experimental_curve,PDF p5 Figure3c,figures/wang2021-figure3-cd.png,451,342.0,color_symbol_pixel_readout,unassigned,False,12600.0,0.043077,0.013846,50,0.06815921597854752,0.02508221597854752,True
SRC_WANG_2021_SLUDGE_DRYING,mianyang_qixingba_sludge,40,60,10,0.972308,0.013846,,derived_from_evidence,reported_experimental_curve,PDF p5 Figure3d,figures/wang2021-figure3-cd.png,731,40,color_symbol_pixel_readout,unassigned,False,600.0,0.972308,0.013846,60,0.9317453857432643,-0.040562614256735685,True
SRC_WANG_2021_SLUDGE_DRYING,mianyang_qixingba_sludge,40,60,20,0.929231,0.015385,,derived_from_evidence,reported_experimental_curve,PDF p5 Figure3d,figures/wang2021-figure3-cd.png,748,54.0,color_symbol_pixel_readout,unassigned,False,1200.0,0.929231,0.015385,60,0.8273233873551009,-0.10190761264489911,True
SRC_WANG_2021_SLUDGE_DRYING,mianyang_qixingba_sludge,40,60,30,0.870769,0.013846,,derived_from_evidence,reported_experimental_curve,PDF p5 Figure3d,figures/wang2021-figure3-cd.png,765,73.0,color_symbol_pixel_readout,unassigned,False,1800.0,0.870769,0.013846,60,0.7318262848840695,-0.13894271511593048,True
SRC_WANG_2021_SLUDGE_DRYING,mianyang_qixingba_sludge,40,60,40,0.818462,0.013846,,derived_from_evidence,reported_experimental_curve,PDF p5 Figure3d,figures/wang2021-figure3-cd.png,782,90.0,color_symbol_pixel_readout,unassigned,False,2400.0,0.818462,0.013846,60,0.6483180250945466,-0.1701439749054534,True
SRC_WANG_2021_SLUDGE_DRYING,mianyang_qixingba_sludge,40,60,50,0.769231,0.015385,,derived_from_evidence,reported_experimental_curve,PDF p5 Figure3d,figures/wang2021-figure3-cd.png,798,106,color_symbol_pixel_readout,unassigned,False,3000.0,0.769231,0.015385,60,0.575053049102751,-0.19417795089724899,True
SRC_WANG_2021_SLUDGE_DRYING,mianyang_qixingba_sludge,40,60,60,0.723077,0.013846,,derived_from_evidence,reported_experimental_curve,PDF p5 Figure3d,figures/wang2021-figure3-cd.png,815,121,color_symbol_pixel_readout,unassigned,False,3600.0,0.723077,0.013846,60,0.5104025598614219,-0.21267444013857806,True
SRC_WANG_2021_SLUDGE_DRYING,mianyang_qixingba_sludge,40,60,70,0.670769,0.013846,,derived_from_evidence,reported_experimental_curve,PDF p5 Figure3d,figures/wang2021-figure3-cd.png,832,138,color_symbol_pixel_readout,unassigned,False,4200.0,0.670769,0.013846,60,0.45316033482709916,-0.21760866517290078,True
SRC_WANG_2021_SLUDGE_DRYING,mianyang_qixingba_sludge,40,60,80,0.627692,0.013846,,derived_from_evidence,reported_experimental_curve,PDF p5 Figure3d,figures/wang2021-figure3-cd.png,849,152.0,color_symbol_pixel_readout,unassigned,False,4800.0,0.627692,0.013846,60,0.40239392331304497,-0.22529807668695506,True
SRC_WANG_2021_SLUDGE_DRYING,mianyang_qixingba_sludge,40,60,90,0.581538,0.012308,,derived_from_evidence,reported_experimental_curve,PDF p5 Figure3d,figures/wang2021-figure3-cd.png,866,167,color_symbol_pixel_readout,unassigned,False,5400.0,0.581538,0.012308,60,0.3573368111859634,-0.2242011888140366,True
SRC_WANG_2021_SLUDGE_DRYING,mianyang_qixingba_sludge,40,60,100,0.532308,0.013846,,derived_from_evidence,reported_experimental_curve,PDF p5 Figure3d,figures/wang2021-figure3-cd.png,883,183.0,color_symbol_pixel_readout,unassigned,False,6000.0,0.532308,0.013846,60,0.31733349377970643,-0.21497450622029357,True
SRC_WANG_2021_SLUDGE_DRYING,mianyang_qixingba_sludge,40,60,110,0.489231,0.013846,,derived_from_evidence,reported_experimental_curve,PDF p5 Figure3d,figures/wang2021-figure3-cd.png,900,197,color_symbol_pixel_readout,unassigned,False,6600.0,0.489231,0.013846,60,0.2818118541337319,-0.20741914586626814,True
SRC_WANG_2021_SLUDGE_DRYING,mianyang_qixingba_sludge,40,60,120,0.443077,0.013846,,derived_from_evidence,reported_experimental_curve,PDF p5 Figure3d,figures/wang2021-figure3-cd.png,917,212,color_symbol_pixel_readout,unassigned,False,7200.0,0.443077,0.013846,60,0.2502677437075171,-0.1928092562924829,True
SRC_WANG_2021_SLUDGE_DRYING,mianyang_qixingba_sludge,40,60,130,0.4,0.013846,,derived_from_evidence,reported_experimental_curve,PDF p5 Figure3d,figures/wang2021-figure3-cd.png,934,226,color_symbol_pixel_readout,unassigned,False,7800.0,0.4,0.013846,60,0.222254978577259,-0.177745021422741,True
SRC_WANG_2021_SLUDGE_DRYING,mianyang_qixingba_sludge,40,60,140,0.356923,0.015385,,derived_from_evidence,reported_experimental_curve,PDF p5 Figure3d,figures/wang2021-figure3-cd.png,950,240.0,color_symbol_pixel_readout,unassigned,False,8400.0,0.356923,0.015385,60,0.1973779146440771,-0.15954508535592288,True
SRC_WANG_2021_SLUDGE_DRYING,mianyang_qixingba_sludge,40,60,150,0.32,0.013846,,derived_from_evidence,reported_experimental_curve,PDF p5 Figure3d,figures/wang2021-figure3-cd.png,967,252.0,color_symbol_pixel_readout,unassigned,False,9000.0,0.32,0.013846,60,0.17528542530279687,-0.14471457469720314,True
SRC_WANG_2021_SLUDGE_DRYING,mianyang_qixingba_sludge,40,60,160,0.286154,0.013846,,derived_from_evidence,reported_experimental_curve,PDF p5 Figure3d,figures/wang2021-figure3-cd.png,984,263.0,color_symbol_pixel_readout,unassigned,False,9600.0,0.286154,0.013846,60,0.1556657762522175,-0.13048822374778252,True
SRC_WANG_2021_SLUDGE_DRYING,mianyang_qixingba_sludge,40,60,170,0.255385,0.013846,,derived_from_evidence,reported_experimental_curve,PDF p5 Figure3d,figures/wang2021-figure3-cd.png,1001,273.0,color_symbol_pixel_readout,unassigned,False,10200.0,0.255385,0.013846,60,0.13824216089070576,-0.11714283910929421,True
SRC_WANG_2021_SLUDGE_DRYING,mianyang_qixingba_sludge,40,60,180,0.224615,0.012308,,derived_from_evidence,reported_experimental_curve,PDF p5 Figure3d,figures/wang2021-figure3-cd.png,1018,283,color_symbol_pixel_readout,unassigned,False,10800.0,0.224615,0.012308,60,0.122768769292448,-0.10184623070755201,True
SRC_WANG_2021_SLUDGE_DRYING,mianyang_qixingba_sludge,40,60,190,0.190769,0.013846,,derived_from_evidence,reported_experimental_curve,PDF p5 Figure3d,figures/wang2021-figure3-cd.png,1035,294.0,color_symbol_pixel_readout,unassigned,False,11400.0,0.190769,0.013846,60,0.10902731022770085,-0.08174168977229915,True
SRC_WANG_2021_SLUDGE_DRYING,mianyang_qixingba_sludge,40,60,200,0.16,0.013846,,derived_from_evidence,reported_experimental_curve,PDF p5 Figure3d,figures/wang2021-figure3-cd.png,1052,304.0,color_symbol_pixel_readout,unassigned,False,12000.0,0.16,0.013846,60,0.09682392782944374,-0.06317607217055626,True
SRC_WANG_2021_SLUDGE_DRYING,mianyang_qixingba_sludge,40,60,210,0.132308,0.013846,,derived_from_evidence,reported_experimental_curve,PDF p5 Figure3d,figures/wang2021-figure3-cd.png,1069,313.0,color_symbol_pixel_readout,unassigned,False,12600.0,0.132308,0.013846,60,0.08598646533833479,-0.04632153466166522,True
SRC_WANG_2021_SLUDGE_DRYING,mianyang_qixingba_sludge,40,60,220,0.101538,0.013846,,derived_from_evidence,reported_experimental_curve,PDF p5 Figure3d,figures/wang2021-figure3-cd.png,1086,323,color_symbol_pixel_readout,unassigned,False,13200.0,0.101538,0.013846,60,0.07636203569985422,-0.02517596430014578,True
SRC_WANG_2021_SLUDGE_DRYING,mianyang_qixingba_sludge,40,60,230,0.086154,0.013846,,derived_from_evidence,reported_experimental_curve,PDF p5 Figure3d,figures/wang2021-figure3-cd.png,1103,328.0,color_symbol_pixel_readout,unassigned,False,13800.0,0.086154,0.013846,60,0.06781486452264206,-0.018339135477357937,True
SRC_WANG_2021_SLUDGE_DRYING,mianyang_qixingba_sludge,40,60,240,0.076923,0.013846,,derived_from_evidence,reported_experimental_curve,PDF p5 Figure3d,figures/wang2021-figure3-cd.png,1119,331,color_symbol_pixel_readout,unassigned,False,14400.0,0.076923,0.013846,60,0.0602243747113303,-0.016698625288669708,True
SRC_WANG_2021_SLUDGE_DRYING,mianyang_qixingba_sludge,40,60,250,0.064615,0.013846,,derived_from_evidence,reported_experimental_curve,PDF p5 Figure3d,figures/wang2021-figure3-cd.png,1136,335.0,color_symbol_pixel_readout,unassigned,False,15000.0,0.064615,0.013846,60,0.05348348531743708,-0.011131514682562925,False
SRC_WANG_2021_SLUDGE_DRYING,mianyang_qixingba_sludge,40,60,260,0.055385,0.013846,,derived_from_evidence,reported_experimental_curve,PDF p5 Figure3d,figures/wang2021-figure3-cd.png,1153,338.0,color_symbol_pixel_readout,unassigned,False,15600.0,0.055385,0.013846,60,0.04749710088343165,-0.007887899116568349,False
SRC_WANG_2021_SLUDGE_DRYING,mianyang_qixingba_sludge,40,60,270,0.046154,0.013846,,derived_from_evidence,reported_experimental_curve,PDF p5 Figure3d,figures/wang2021-figure3-cd.png,1170,341.0,color_symbol_pixel_readout,unassigned,False,16200.0,0.046154,0.013846,60,0.04218076998123727,-0.003973230018762729,False
SRC_WANG_2021_SLUDGE_DRYING,mianyang_qixingba_sludge,40,60,280,0.041538,0.015385,,derived_from_evidence,reported_experimental_curve,PDF p5 Figure3d,figures/wang2021-figure3-cd.png,1187,342.5,color_symbol_pixel_readout,unassigned,False,16800.0,0.041538,0.015385,60,0.03745949381488478,-0.004078506185115217,False
SRC_WANG_2021_SLUDGE_DRYING,mianyang_qixingba_sludge,60,30,10,0.802469,0.021605,,derived_from_evidence,reported_experimental_curve,PDF p5 Figure3a,figures/wang2021-figure3-ab.png,113,101,color_symbol_pixel_readout,unassigned,False,600.0,0.802469,0.021605,30,0.8629804096056902,0.060511409605690236,True
SRC_WANG_2021_SLUDGE_DRYING,mianyang_qixingba_sludge,60,30,20,0.623457,0.029321,,derived_from_evidence,reported_experimental_curve,PDF p5 Figure3a,figures/wang2021-figure3-ab.png,130,159.0,color_symbol_pixel_readout,unassigned,False,1200.0,0.623457,0.029321,30,0.6279204141118644,0.00446341411186435,False
SRC_WANG_2021_SLUDGE_DRYING,mianyang_qixingba_sludge,60,30,30,0.462963,0.026235,,derived_from_evidence,reported_experimental_curve,PDF p5 Figure3a,figures/wang2021-figure3-ab.png,147,211,color_symbol_pixel_readout,unassigned,False,1800.0,0.462963,0.026235,30,0.4250627308557911,-0.03790026914420891,True
SRC_WANG_2021_SLUDGE_DRYING,mianyang_qixingba_sludge,60,30,40,0.320988,0.024691,,derived_from_evidence,reported_experimental_curve,PDF p5 Figure3a,figures/wang2021-figure3-ab.png,164,257.0,color_symbol_pixel_readout,unassigned,False,2400.0,0.320988,0.024691,30,0.2789019546867981,-0.04208604531320187,True
SRC_WANG_2021_SLUDGE_DRYING,mianyang_qixingba_sludge,60,30,50,0.212963,0.020062,,derived_from_evidence,reported_experimental_curve,PDF p5 Figure3a,figures/wang2021-figure3-ab.png,180,292,color_symbol_pixel_readout,unassigned,False,3000.0,0.212963,0.020062,30,0.18052658433556532,-0.0324364156644347,True
SRC_WANG_2021_SLUDGE_DRYING,mianyang_qixingba_sludge,60,30,60,0.108025,0.016975,,derived_from_evidence,reported_experimental_curve,PDF p5 Figure3a,figures/wang2021-figure3-ab.png,197,326.0,color_symbol_pixel_readout,unassigned,False,3600.0,0.108025,0.016975,30,0.11615655755915544,0.008131557559155442,False
SRC_WANG_2021_SLUDGE_DRYING,mianyang_qixingba_sludge,60,30,70,0.058642,0.012346,,derived_from_evidence,reported_experimental_curve,PDF p5 Figure3a,figures/wang2021-figure3-ab.png,214,342,color_symbol_pixel_readout,unassigned,False,4200.0,0.058642,0.012346,30,0.07454382570191664,0.015901825701916644,True
SRC_WANG_2021_SLUDGE_DRYING,mianyang_qixingba_sludge,60,30,80,0.030864,0.012346,,derived_from_evidence,reported_experimental_curve,PDF p5 Figure3a,figures/wang2021-figure3-ab.png,231,351,color_symbol_pixel_readout,unassigned,False,4800.0,0.030864,0.012346,30,0.04778390338131108,0.016919903381311083,True
SRC_WANG_2021_SLUDGE_DRYING,mianyang_qixingba_sludge,60,40,10,0.820988,0.030864,,derived_from_evidence,reported_experimental_curve,PDF p5 Figure3b,figures/wang2021-figure3-ab.png,731,95.0,color_symbol_pixel_readout,unassigned,False,600.0,0.820988,0.030864,40,0.880958002439008,0.05997000243900796,True
SRC_WANG_2021_SLUDGE_DRYING,mianyang_qixingba_sludge,60,40,20,0.652778,0.029321,,derived_from_evidence,reported_experimental_curve,PDF p5 Figure3b,figures/wang2021-figure3-ab.png,748,149.5,color_symbol_pixel_readout,unassigned,False,1200.0,0.652778,0.029321,40,0.6696594495832637,0.016881449583263763,False
SRC_WANG_2021_SLUDGE_DRYING,mianyang_qixingba_sludge,60,40,30,0.50463,0.023148,,derived_from_evidence,reported_experimental_curve,PDF p5 Figure3b,figures/wang2021-figure3-ab.png,765,197.5,color_symbol_pixel_readout,unassigned,False,1800.0,0.50463,0.023148,40,0.47808341386049,-0.026546586139509998,True
SRC_WANG_2021_SLUDGE_DRYING,mianyang_qixingba_sludge,60,40,40,0.361111,0.020062,,derived_from_evidence,reported_experimental_curve,PDF p5 Figure3b,figures/wang2021-figure3-ab.png,782,244.0,color_symbol_pixel_readout,unassigned,False,2400.0,0.361111,0.020062,40,0.3321629563630032,-0.028948043636996823,True
SRC_WANG_2021_SLUDGE_DRYING,mianyang_qixingba_sludge,60,40,50,0.259259,0.013889,,derived_from_evidence,reported_experimental_curve,PDF p5 Figure3b,figures/wang2021-figure3-ab.png,798,277.0,color_symbol_pixel_readout,unassigned,False,3000.0,0.259259,0.013889,40,0.2280588264338133,-0.031200173566186706,True
SRC_WANG_2021_SLUDGE_DRYING,mianyang_qixingba_sludge,60,40,60,0.16821,0.013889,,derived_from_evidence,reported_experimental_curve,PDF p5 Figure3b,figures/wang2021-figure3-ab.png,815,306.5,color_symbol_pixel_readout,unassigned,False,3600.0,0.16821,0.013889,40,0.15577079287294332,-0.012439207127056678,False
SRC_WANG_2021_SLUDGE_DRYING,mianyang_qixingba_sludge,60,40,70,0.095679,0.013889,,derived_from_evidence,reported_experimental_curve,PDF p5 Figure3b,figures/wang2021-figure3-ab.png,832,330.0,color_symbol_pixel_readout,unassigned,False,4200.0,0.095679,0.013889,40,0.10615374343276582,0.010474743432765818,False
SRC_WANG_2021_SLUDGE_DRYING,mianyang_qixingba_sludge,60,40,80,0.063272,0.013889,,derived_from_evidence,reported_experimental_curve,PDF p5 Figure3b,figures/wang2021-figure3-ab.png,849,340.5,color_symbol_pixel_readout,unassigned,False,4800.0,0.063272,0.013889,40,0.07226867597620845,0.008996675976208457,False
SRC_WANG_2021_SLUDGE_DRYING,mianyang_qixingba_sludge,60,40,90,0.037037,0.012346,,derived_from_evidence,reported_experimental_curve,PDF p5 Figure3b,figures/wang2021-figure3-ab.png,866,349,color_symbol_pixel_readout,unassigned,False,5400.0,0.037037,0.012346,40,0.04917836704292896,0.012141367042928959,False
SRC_WANG_2021_SLUDGE_DRYING,mianyang_qixingba_sludge,60,50,10,0.84,0.029231,,derived_from_evidence,reported_experimental_curve,PDF p5 Figure3c,figures/wang2021-figure3-cd.png,113,83,color_symbol_pixel_readout,unassigned,False,600.0,0.84,0.029231,50,0.8994382235975229,0.05943822359752293,True
SRC_WANG_2021_SLUDGE_DRYING,mianyang_qixingba_sludge,60,50,20,0.68,0.029231,,derived_from_evidence,reported_experimental_curve,PDF p5 Figure3c,figures/wang2021-figure3-cd.png,130,135.0,color_symbol_pixel_readout,unassigned,False,1200.0,0.68,0.029231,50,0.7146664073435524,0.03466640734355231,True
SRC_WANG_2021_SLUDGE_DRYING,mianyang_qixingba_sludge,60,50,30,0.538462,0.026154,,derived_from_evidence,reported_experimental_curve,PDF p5 Figure3c,figures/wang2021-figure3-cd.png,147,181,color_symbol_pixel_readout,unassigned,False,1800.0,0.538462,0.026154,50,0.5385319599965135,6.995999651349116e-05,False
SRC_WANG_2021_SLUDGE_DRYING,mianyang_qixingba_sludge,60,50,40,0.4,0.018462,,derived_from_evidence,reported_experimental_curve,PDF p5 Figure3c,figures/wang2021-figure3-cd.png,164,226,color_symbol_pixel_readout,unassigned,False,2400.0,0.4,0.018462,50,0.3965744390473834,-0.0034255609526166464,False
SRC_WANG_2021_SLUDGE_DRYING,mianyang_qixingba_sludge,60,50,50,0.295385,0.016923,,derived_from_evidence,reported_experimental_curve,PDF p5 Figure3c,figures/wang2021-figure3-cd.png,180,260,color_symbol_pixel_readout,unassigned,False,3000.0,0.295385,0.016923,50,0.2891150449714527,-0.006269955028547325,False
SRC_WANG_2021_SLUDGE_DRYING,mianyang_qixingba_sludge,60,50,60,0.2,0.016923,,derived_from_evidence,reported_experimental_curve,PDF p5 Figure3c,figures/wang2021-figure3-cd.png,197,291,color_symbol_pixel_readout,unassigned,False,3600.0,0.2,0.016923,50,0.20984708378635064,0.00984708378635063,False
SRC_WANG_2021_SLUDGE_DRYING,mianyang_qixingba_sludge,60,50,70,0.126154,0.013846,,derived_from_evidence,reported_experimental_curve,PDF p5 Figure3c,figures/wang2021-figure3-cd.png,214,315,color_symbol_pixel_readout,unassigned,False,4200.0,0.126154,0.013846,50,0.15201818495363972,0.025864184953639735,True
SRC_WANG_2021_SLUDGE_DRYING,mianyang_qixingba_sludge,60,50,80,0.086154,0.012308,,derived_from_evidence,reported_experimental_curve,PDF p5 Figure3c,figures/wang2021-figure3-cd.png,231,328,color_symbol_pixel_readout,unassigned,False,4800.0,0.086154,0.012308,50,0.11003213892682384,0.023878138926823847,True
SRC_WANG_2021_SLUDGE_DRYING,mianyang_qixingba_sludge,60,50,90,0.06,0.013846,,derived_from_evidence,reported_experimental_curve,PDF p5 Figure3c,figures/wang2021-figure3-cd.png,248,336.5,color_symbol_pixel_readout,unassigned,False,5400.0,0.06,0.013846,50,0.07961258471058633,0.019612584710586328,True
SRC_WANG_2021_SLUDGE_DRYING,mianyang_qixingba_sludge,60,50,100,0.04,0.012308,,derived_from_evidence,reported_experimental_curve,PDF p5 Figure3c,figures/wang2021-figure3-cd.png,265,343,color_symbol_pixel_readout,unassigned,False,6000.0,0.04,0.012308,50,0.057593413556687435,0.017593413556687434,True
SRC_WANG_2021_SLUDGE_DRYING,mianyang_qixingba_sludge,60,60,10,0.852308,0.029231,,derived_from_evidence,reported_experimental_curve,PDF p5 Figure3d,figures/wang2021-figure3-cd.png,731,79,color_symbol_pixel_readout,unassigned,False,600.0,0.852308,0.029231,60,0.9184381335258739,0.06613013352587394,True
SRC_WANG_2021_SLUDGE_DRYING,mianyang_qixingba_sludge,60,60,20,0.693846,0.021538,,derived_from_evidence,reported_experimental_curve,PDF p5 Figure3d,figures/wang2021-figure3-cd.png,748,130.5,color_symbol_pixel_readout,unassigned,False,1200.0,0.693846,0.021538,60,0.7632326405694618,0.06938664056946187,True
SRC_WANG_2021_SLUDGE_DRYING,mianyang_qixingba_sludge,60,60,30,0.556923,0.021538,,derived_from_evidence,reported_experimental_curve,PDF p5 Figure3d,figures/wang2021-figure3-cd.png,765,175,color_symbol_pixel_readout,unassigned,False,1800.0,0.556923,0.021538,60,0.6075575994664774,0.050634599466477415,True
SRC_WANG_2021_SLUDGE_DRYING,mianyang_qixingba_sludge,60,60,40,0.427692,0.02,,derived_from_evidence,reported_experimental_curve,PDF p5 Figure3d,figures/wang2021-figure3-cd.png,782,217.0,color_symbol_pixel_readout,unassigned,False,2400.0,0.427692,0.02,60,0.4746699488926104,0.046977948892610366,True
SRC_WANG_2021_SLUDGE_DRYING,mianyang_qixingba_sludge,60,60,50,0.329231,0.013846,,derived_from_evidence,reported_experimental_curve,PDF p5 Figure3d,figures/wang2021-figure3-cd.png,798,249.0,color_symbol_pixel_readout,unassigned,False,3000.0,0.329231,0.013846,60,0.3678253850177908,0.03859438501779078,True
SRC_WANG_2021_SLUDGE_DRYING,mianyang_qixingba_sludge,60,60,60,0.235385,0.013846,,derived_from_evidence,reported_experimental_curve,PDF p5 Figure3d,figures/wang2021-figure3-cd.png,815,279.5,color_symbol_pixel_readout,unassigned,False,3600.0,0.235385,0.013846,60,0.2840098998257611,0.04862489982576107,True
SRC_WANG_2021_SLUDGE_DRYING,mianyang_qixingba_sludge,60,60,70,0.164615,0.013846,,derived_from_evidence,reported_experimental_curve,PDF p5 Figure3d,figures/wang2021-figure3-cd.png,832,302.5,color_symbol_pixel_readout,unassigned,False,4200.0,0.164615,0.013846,60,0.21894825151891048,0.05433325151891047,True
SRC_WANG_2021_SLUDGE_DRYING,mianyang_qixingba_sludge,60,60,80,0.104615,0.013846,,derived_from_evidence,reported_experimental_curve,PDF p5 Figure3d,figures/wang2021-figure3-cd.png,849,322.0,color_symbol_pixel_readout,unassigned,False,4800.0,0.104615,0.013846,60,0.16867444430113862,0.06405944430113862,True
SRC_WANG_2021_SLUDGE_DRYING,mianyang_qixingba_sludge,60,60,90,0.075385,0.013846,,derived_from_evidence,reported_experimental_curve,PDF p5 Figure3d,figures/wang2021-figure3-cd.png,866,331.5,color_symbol_pixel_readout,unassigned,False,5400.0,0.075385,0.013846,60,0.1299048235288316,0.0545198235288316,True
SRC_WANG_2021_SLUDGE_DRYING,mianyang_qixingba_sludge,60,60,100,0.056923,0.013846,,derived_from_evidence,reported_experimental_curve,PDF p5 Figure3d,figures/wang2021-figure3-cd.png,883,337.5,color_symbol_pixel_readout,unassigned,False,6000.0,0.056923,0.013846,60,0.10003301984722848,0.04311001984722848,True
SRC_WANG_2021_SLUDGE_DRYING,mianyang_qixingba_sludge,60,60,110,0.04,0.012308,,derived_from_evidence,reported_experimental_curve,PDF p5 Figure3d,figures/wang2021-figure3-cd.png,900,343,color_symbol_pixel_readout,unassigned,False,6600.0,0.04,0.012308,60,0.07702577222817983,0.03702577222817983,True
