id,source_id,condition_id,observable,time_value,time_unit,time_lower,time_upper,time_relation,observed_value,value_unit,observed_lower,observed_upper,observed_relation,reading_error,extraction_method,locator,history_or_basis,mobility_admitted
C_plot_RH95_10min,criado2022,C65_RH95,Ca molar conversion to CaCO3,10,min,,,selected_plot_time,0.91,1,0.89,0.93,approx,0.02,manual_primary_plot,"Original Figure5a, RH legend and conversion/minute axes",Approximate curve readout; time reading precision +/-1 min; no author raw numeric values or experimental uncertainty,false
C_plot_RH95_30min,criado2022,C65_RH95,Ca molar conversion to CaCO3,30,min,,,selected_plot_time,0.91,1,0.89,0.93,approx,0.02,manual_primary_plot,"Original Figure5a, RH legend and conversion/minute axes",Approximate curve readout; time reading precision +/-1 min; no author raw numeric values or experimental uncertainty,false
C_plot_RH95_50min,criado2022,C65_RH95,Ca molar conversion to CaCO3,50,min,,,selected_plot_time,0.91,1,0.89,0.93,approx,0.02,manual_primary_plot,"Original Figure5a, RH legend and conversion/minute axes",Approximate curve readout; time reading precision +/-1 min; no author raw numeric values or experimental uncertainty,false
C_plot_RH80_10min,criado2022,C65_RH80,Ca molar conversion to CaCO3,10,min,,,selected_plot_time,0.35,1,0.33,0.37,approx,0.02,manual_primary_plot,"Original Figure5a, RH legend and conversion/minute axes",Approximate curve readout; time reading precision +/-1 min; no author raw numeric values or experimental uncertainty,false
C_plot_RH80_30min,criado2022,C65_RH80,Ca molar conversion to CaCO3,30,min,,,selected_plot_time,0.71,1,0.69,0.73,approx,0.02,manual_primary_plot,"Original Figure5a, RH legend and conversion/minute axes",Approximate curve readout; time reading precision +/-1 min; no author raw numeric values or experimental uncertainty,false
C_plot_RH80_50min,criado2022,C65_RH80,Ca molar conversion to CaCO3,50,min,,,selected_plot_time,0.785,1,0.765,0.805,approx,0.02,manual_primary_plot,"Original Figure5a, RH legend and conversion/minute axes",Approximate curve readout; time reading precision +/-1 min; no author raw numeric values or experimental uncertainty,false
C_plot_RH60_10min,criado2022,C65_RH60,Ca molar conversion to CaCO3,10,min,,,selected_plot_time,0.325,1,0.305,0.345,approx,0.02,manual_primary_plot,"Original Figure5a, RH legend and conversion/minute axes",Approximate curve readout; time reading precision +/-1 min; no author raw numeric values or experimental uncertainty,false
C_plot_RH60_30min,criado2022,C65_RH60,Ca molar conversion to CaCO3,30,min,,,selected_plot_time,0.38,1,0.36,0.4,approx,0.02,manual_primary_plot,"Original Figure5a, RH legend and conversion/minute axes",Approximate curve readout; time reading precision +/-1 min; no author raw numeric values or experimental uncertainty,false
C_plot_RH60_50min,criado2022,C65_RH60,Ca molar conversion to CaCO3,50,min,,,selected_plot_time,0.407,1,0.387,0.427,approx,0.02,manual_primary_plot,"Original Figure5a, RH legend and conversion/minute axes",Approximate curve readout; time reading precision +/-1 min; no author raw numeric values or experimental uncertainty,false
C_plot_RH0_10min,criado2022,C65_RH0,Ca molar conversion to CaCO3,10,min,,,selected_plot_time,0.04,1,0.03,0.05,approx,0.01,manual_primary_plot,"Original Figure5a, RH legend and conversion/minute axes",Approximate curve readout; time reading precision +/-1 min; no author raw numeric values or experimental uncertainty,false
C_plot_RH0_30min,criado2022,C65_RH0,Ca molar conversion to CaCO3,30,min,,,selected_plot_time,0.052,1,0.042,0.062,approx,0.01,manual_primary_plot,"Original Figure5a, RH legend and conversion/minute axes",Approximate curve readout; time reading precision +/-1 min; no author raw numeric values or experimental uncertainty,false
C_plot_RH0_50min,criado2022,C65_RH0,Ca molar conversion to CaCO3,50,min,,,selected_plot_time,0.057,1,0.047,0.067,approx,0.01,manual_primary_plot,"Original Figure5a, RH legend and conversion/minute axes",Approximate curve readout; time reading precision +/-1 min; no author raw numeric values or experimental uncertainty,false
C_text_fast_bound,criado2022,C65_RH95,Ca molar conversion to CaCO3,,min,,10,before,,1,0.9,,greater_than,,primary_text_bound,Results paragraph before Figure5,"Paired author bound: conversion >0.9 before 10 min, not a point at 10 min",false
C_text_dry_bound,criado2022,C65_RH0,Ca molar conversion to CaCO3,,min,,,not_paired,,1,,0.05,less_equal,,primary_text_bound,Results paragraph before Figure5,Author prose says cannot exceed .05; Figure5a late-time curve can be read slightly above .05. Keep both approximate records; do not clip plotted readings,false
C_layer_slaked,criado2022,Croom_slaked,carbonated layer Xmax,,h,350,500,window,0.6,1,,,approx,,primary_text_approx,Figure3b/results Xmax paragraph,LECO layers sampled after 350 and 500 h; not a whole-body point or paired raw time series,false
C_layer_high,criado2022,Croom_high,carbonated layer Xmax,,h,350,500,window,,1,0.85,0.9,range,,primary_text_range,Figure4b/results Xmax paragraph,Range over measured carbonated layers; not assigned to a single specimen/time,false
C_layer_extrude,criado2022,C20_extruded,carbonated layer Xmax,,h,,,not_paired,0.9,1,,,approx,,primary_text_approx,Results paragraph before Figure6,LECO endpoint maximum; no numeric time paired in the text,false
S_57_4d,steiner2020,S20_RH57,fraction of initial CH carbonated,4,d,,,reported_time,0.58,1,,,approx,,primary_text_approx,PDFp13 manuscript lines304-306 / Figure2,"Author approximate value; independent phase quantification error reported generally as 5-10% relative, not used as a fabricated pointwise error",false
S_57_183d_remaining,steiner2020,S20_RH57,fraction of initial CH unreacted,183,d,,,reported_time,0.38,1,,,approx,,primary_text_approx,PDFp14 manuscript lines309-311 / Figure2,"Residual fraction, not conversion. Derived conversion 1-.38=.62 only with the explicitly stated initial-CH fraction basis",false
S_91_1d,steiner2020,S20_RH91,initial CH nearly entirely consumed,1,d,,,reported_time,,qualitative,,,qualitative,,primary_text_qualitative,PDFp13 lines298-299; p15 lines335-337,"No exact conversion=1 assigned; no evidence for portlandite in TGA/FTIR reported at 24h, detection limit not supplied",false
S_switch_residual,steiner2020,S20_RH57_then91,residual CH mass per dry reference mass,204,d,,,reported_time,8.2,g_CH/100g_dry_reference,7.8,8.6,reported_uncertainty,0.4,primary_text_reported_uncertainty,PDFp16 manuscript lines363-365,"183d at57%RH +21d at91%RH. The +/-0.4 is author reported, not plot precision. Dry reference denominator is not initial CH mass; no DoC assigned",false
A_350_4s,arias2022,A350_4s,net Ca conversion to CaCO3,4,s,,,reported_time,0.15,1,,,approx,,primary_text_approx,Results paragraph introducing Figure3,Approximate350degC; initial dehydration plus nascent-CaO carbonation; excluded from direct-channel mobility,false
A_600plus_4s,arias2022,A600plus_4s,net Ca conversion to CaCO3,4,s,,,reported_time,0.7,1,,,approx,,primary_text_approx,Results Figure3 paragraph; Conclusions,"Near-constant around.7 above600degC, not a single exact temperature point; dehydration kinetics, not independent direct CH pathway",false
