matrix_id,additive_id,additive_fraction_dry,firing_temperature_C,group_id,evidence_status,n_shrinkage,n_water,n_volume,n_independent_batches,diameter_shrinkage_mean,diameter_shrinkage_sd,volume_shrinkage_mean,volume_shrinkage_sd,water_absorption_mean,water_absorption_sd,open_porosity_mean,open_porosity_sd,dry_density_mean,dry_density_sd,shrinkage_specimens,water_specimens,volume_specimens
R,SSA-P1-ED,0.3,1020,R|P1-ED|1020,model_derived,7,3,7,,3.5471114456073343,0.29893432173079687,8.682093274397152,0.6232735172482445,0.153462830280885,0.0016097903761701775,0.2916081109975068,0.0020024866321534406,1896.8149189961416,6.876091349169235,"[""R|P1-ED|1020|A"", ""R|P1-ED|1020|B"", ""R|P1-ED|1020|C"", ""R|P1-ED|1020|D"", ""R|P1-ED|1020|E"", ""R|P1-ED|1020|F"", ""R|P1-ED|1020|G""]","[""R|P1-ED|1020|A"", ""R|P1-ED|1020|B"", ""R|P1-ED|1020|C""]","[""R|P1-ED|1020|A"", ""R|P1-ED|1020|B"", ""R|P1-ED|1020|C"", ""R|P1-ED|1020|D"", ""R|P1-ED|1020|E"", ""R|P1-ED|1020|F"", ""R|P1-ED|1020|G""]"
R,SSA-P1-ED,0.3,1030,R|P1-ED|1030,model_derived,7,3,7,,4.513567691857199,1.0425608323895308,10.5318484453771,2.0703039435573443,0.13783991880692203,0.0051716342532452005,0.2685044106305486,0.00792072543893736,1944.8381899751744,16.718664909160495,"[""R|P1-ED|1030|A"", ""R|P1-ED|1030|B"", ""R|P1-ED|1030|C"", ""R|P1-ED|1030|D"", ""R|P1-ED|1030|E"", ""R|P1-ED|1030|F"", ""R|P1-ED|1030|G""]","[""R|P1-ED|1030|A"", ""R|P1-ED|1030|B"", ""R|P1-ED|1030|C""]","[""R|P1-ED|1030|A"", ""R|P1-ED|1030|B"", ""R|P1-ED|1030|C"", ""R|P1-ED|1030|D"", ""R|P1-ED|1030|E"", ""R|P1-ED|1030|F"", ""R|P1-ED|1030|G""]"
R,SSA-P1-ED,0.3,1050,R|P1-ED|1050,model_derived,7,3,7,,5.392296315402656,0.7476956292381218,13.402738034371389,1.337117567367772,0.11270920230874197,0.00017657202569379939,0.22845548855606065,0.0002027581200956141,2023.2993333002848,1.774478155940546,"[""R|P1-ED|1050|A"", ""R|P1-ED|1050|B"", ""R|P1-ED|1050|C"", ""R|P1-ED|1050|D"", ""R|P1-ED|1050|E"", ""R|P1-ED|1050|F"", ""R|P1-ED|1050|G""]","[""R|P1-ED|1050|A"", ""R|P1-ED|1050|B"", ""R|P1-ED|1050|C""]","[""R|P1-ED|1050|A"", ""R|P1-ED|1050|B"", ""R|P1-ED|1050|C"", ""R|P1-ED|1050|D"", ""R|P1-ED|1050|E"", ""R|P1-ED|1050|F"", ""R|P1-ED|1050|G""]"
R,SSA-P1-Raw,0.3,1020,R|P1-Raw|1020,model_derived,7,3,7,,2.984956107208967,0.20574864289967304,8.193526408957723,0.6971893737165625,0.14241280792778485,0.002887952916214115,0.27687659165855405,0.00434184719122479,1940.8039648793315,9.111145784386014,"[""R|P1-Raw|1020|A"", ""R|P1-Raw|1020|B"", ""R|P1-Raw|1020|C"", ""R|P1-Raw|1020|D"", ""R|P1-Raw|1020|E"", ""R|P1-Raw|1020|F"", ""R|P1-Raw|1020|G""]","[""R|P1-Raw|1020|A"", ""R|P1-Raw|1020|B"", ""R|P1-Raw|1020|C""]","[""R|P1-Raw|1020|A"", ""R|P1-Raw|1020|B"", ""R|P1-Raw|1020|C"", ""R|P1-Raw|1020|D"", ""R|P1-Raw|1020|E"", ""R|P1-Raw|1020|F"", ""R|P1-Raw|1020|G""]"
R,SSA-P1-Raw,0.3,1030,R|P1-Raw|1030,model_derived,7,3,7,,3.724928332266684,0.5241698897956987,10.75646354075816,0.821372992509769,0.13303097778599454,0.003910327319566258,0.2626219177981103,0.0058194872872595485,1970.8741831631453,14.929943549117864,"[""R|P1-Raw|1030|A"", ""R|P1-Raw|1030|B"", ""R|P1-Raw|1030|C"", ""R|P1-Raw|1030|D"", ""R|P1-Raw|1030|E"", ""R|P1-Raw|1030|F"", ""R|P1-Raw|1030|G""]","[""R|P1-Raw|1030|A"", ""R|P1-Raw|1030|B"", ""R|P1-Raw|1030|C""]","[""R|P1-Raw|1030|A"", ""R|P1-Raw|1030|B"", ""R|P1-Raw|1030|C"", ""R|P1-Raw|1030|D"", ""R|P1-Raw|1030|E"", ""R|P1-Raw|1030|F"", ""R|P1-Raw|1030|G""]"
R,SSA-P1-Raw,0.3,1050,R|P1-Raw|1050,model_derived,7,3,7,,6.761805198409422,0.23107055785032427,17.903521911063397,0.5660751387137436,0.08402161556360989,0.0015169773502623604,0.18248483576578728,0.0028400468764847235,2168.0362840149032,5.636039110016557,"[""R|P1-Raw|1050|A"", ""R|P1-Raw|1050|B"", ""R|P1-Raw|1050|C"", ""R|P1-Raw|1050|D"", ""R|P1-Raw|1050|E"", ""R|P1-Raw|1050|F"", ""R|P1-Raw|1050|G""]","[""R|P1-Raw|1050|A"", ""R|P1-Raw|1050|B"", ""R|P1-Raw|1050|C""]","[""R|P1-Raw|1050|A"", ""R|P1-Raw|1050|B"", ""R|P1-Raw|1050|C"", ""R|P1-Raw|1050|D"", ""R|P1-Raw|1050|E"", ""R|P1-Raw|1050|F"", ""R|P1-Raw|1050|G""]"
R,SSA-P2-ED,0.3,1020,R|P2-ED|1020,model_derived,7,3,7,,4.75115721080023,0.23046112931968077,11.772083386689458,0.7667282441534269,0.12849265812050223,0.002731170675883282,0.25805314831580517,0.004695355943399929,2004.7853982265506,7.506487815675263,"[""R|P2-ED|1020|A"", ""R|P2-ED|1020|B"", ""R|P2-ED|1020|C"", ""R|P2-ED|1020|D"", ""R|P2-ED|1020|E"", ""R|P2-ED|1020|F"", ""R|P2-ED|1020|G""]","[""R|P2-ED|1020|A"", ""R|P2-ED|1020|B"", ""R|P2-ED|1020|C""]","[""R|P2-ED|1020|A"", ""R|P2-ED|1020|B"", ""R|P2-ED|1020|C"", ""R|P2-ED|1020|D"", ""R|P2-ED|1020|E"", ""R|P2-ED|1020|F"", ""R|P2-ED|1020|G""]"
R,SSA-P2-ED,0.3,1030,R|P2-ED|1030,model_derived,7,3,6,,6.2327207204679995,0.36868720994338317,15.435381100471675,0.43571978372247716,0.10659740726086861,0.0012999890038175826,0.22267556730091914,0.002039919164479376,2085.2315611985587,6.462442089156137,"[""R|P2-ED|1030|A"", ""R|P2-ED|1030|B"", ""R|P2-ED|1030|C"", ""R|P2-ED|1030|D"", ""R|P2-ED|1030|E"", ""R|P2-ED|1030|F"", ""R|P2-ED|1030|G""]","[""R|P2-ED|1030|A"", ""R|P2-ED|1030|B"", ""R|P2-ED|1030|C""]","[""R|P2-ED|1030|A"", ""R|P2-ED|1030|B"", ""R|P2-ED|1030|C"", ""R|P2-ED|1030|D"", ""R|P2-ED|1030|E"", ""R|P2-ED|1030|F""]"
R,SSA-P2-ED,0.3,1050,R|P2-ED|1050,model_derived,7,3,7,,8.399704223640715,0.2535024856599844,20.682812676579278,0.5883972924816269,0.07093634488787944,0.0008704562227726481,0.15930376858520917,0.001655959233876659,2241.7215818408276,4.845545127319184,"[""R|P2-ED|1050|A"", ""R|P2-ED|1050|B"", ""R|P2-ED|1050|C"", ""R|P2-ED|1050|D"", ""R|P2-ED|1050|E"", ""R|P2-ED|1050|F"", ""R|P2-ED|1050|G""]","[""R|P2-ED|1050|A"", ""R|P2-ED|1050|B"", ""R|P2-ED|1050|C""]","[""R|P2-ED|1050|A"", ""R|P2-ED|1050|B"", ""R|P2-ED|1050|C"", ""R|P2-ED|1050|D"", ""R|P2-ED|1050|E"", ""R|P2-ED|1050|F"", ""R|P2-ED|1050|G""]"
R,SSA-P2-Raw,0.3,1020,R|P2-Raw|1020,model_derived,7,3,7,,4.62893628404429,0.4557160530407987,12.783598458803205,0.4405780587640422,0.1298289614671843,0.0026272683751235463,0.26072616853390124,0.003711633091814339,2004.7776106291483,12.196321218224657,"[""R|P2-Raw|1020|A"", ""R|P2-Raw|1020|B"", ""R|P2-Raw|1020|C"", ""R|P2-Raw|1020|D"", ""R|P2-Raw|1020|E"", ""R|P2-Raw|1020|F"", ""R|P2-Raw|1020|G""]","[""R|P2-Raw|1020|A"", ""R|P2-Raw|1020|B"", ""R|P2-Raw|1020|C""]","[""R|P2-Raw|1020|A"", ""R|P2-Raw|1020|B"", ""R|P2-Raw|1020|C"", ""R|P2-Raw|1020|D"", ""R|P2-Raw|1020|E"", ""R|P2-Raw|1020|F"", ""R|P2-Raw|1020|G""]"
R,SSA-P2-Raw,0.3,1030,R|P2-Raw|1030,model_derived,7,3,7,,6.28895303406758,0.3287606105178659,16.76715761617658,0.6506020517302491,0.10220571921138658,0.0007855626446228929,0.21588098811191386,0.001300849835041448,2108.43716925602,4.253293194860479,"[""R|P2-Raw|1030|A"", ""R|P2-Raw|1030|B"", ""R|P2-Raw|1030|C"", ""R|P2-Raw|1030|D"", ""R|P2-Raw|1030|E"", ""R|P2-Raw|1030|F"", ""R|P2-Raw|1030|G""]","[""R|P2-Raw|1030|A"", ""R|P2-Raw|1030|B"", ""R|P2-Raw|1030|C""]","[""R|P2-Raw|1030|A"", ""R|P2-Raw|1030|B"", ""R|P2-Raw|1030|C"", ""R|P2-Raw|1030|D"", ""R|P2-Raw|1030|E"", ""R|P2-Raw|1030|F"", ""R|P2-Raw|1030|G""]"
R,SSA-P2-Raw,0.3,1050,R|P2-Raw|1050,model_derived,7,3,7,,8.883802184739562,0.2730682484232765,23.14394918750077,1.065606578728543,0.0625301169885539,0.0011942714718555763,0.14336500734875765,0.0023261256587126067,2288.692059826991,6.5727740226464855,"[""R|P2-Raw|1050|A"", ""R|P2-Raw|1050|B"", ""R|P2-Raw|1050|C"", ""R|P2-Raw|1050|D"", ""R|P2-Raw|1050|E"", ""R|P2-Raw|1050|F"", ""R|P2-Raw|1050|G""]","[""R|P2-Raw|1050|A"", ""R|P2-Raw|1050|B"", ""R|P2-Raw|1050|C""]","[""R|P2-Raw|1050|A"", ""R|P2-Raw|1050|B"", ""R|P2-Raw|1050|C"", ""R|P2-Raw|1050|D"", ""R|P2-Raw|1050|E"", ""R|P2-Raw|1050|F"", ""R|P2-Raw|1050|G""]"
R,,0.0,1020,R|Ref|1020,model_derived,7,3,7,,-0.14433210299520244,0.31917361002274486,-1.6411392079350295,0.605921680737031,0.1504715765375356,0.0010174421739494429,0.28515779900350935,0.001387249176636575,1891.6991748572482,3.61032695487529,"[""R|Ref|1020|A"", ""R|Ref|1020|B"", ""R|Ref|1020|C"", ""R|Ref|1020|D"", ""R|Ref|1020|E"", ""R|Ref|1020|F"", ""R|Ref|1020|G""]","[""R|Ref|1020|A"", ""R|Ref|1020|B"", ""R|Ref|1020|C""]","[""R|Ref|1020|A"", ""R|Ref|1020|B"", ""R|Ref|1020|C"", ""R|Ref|1020|D"", ""R|Ref|1020|E"", ""R|Ref|1020|F"", ""R|Ref|1020|G""]"
R,,0.0,1030,R|Ref|1030,model_derived,7,3,7,,0.09142237887676471,0.27267302982426495,-1.2269484568262548,0.2978548252668534,0.14981435444817506,0.0028537242902753144,0.2835099153226243,0.003809168018248227,1889.1379105562685,10.712403358252207,"[""R|Ref|1030|A"", ""R|Ref|1030|B"", ""R|Ref|1030|C"", ""R|Ref|1030|D"", ""R|Ref|1030|E"", ""R|Ref|1030|F"", ""R|Ref|1030|G""]","[""R|Ref|1030|A"", ""R|Ref|1030|B"", ""R|Ref|1030|C""]","[""R|Ref|1030|A"", ""R|Ref|1030|B"", ""R|Ref|1030|C"", ""R|Ref|1030|D"", ""R|Ref|1030|E"", ""R|Ref|1030|F"", ""R|Ref|1030|G""]"
R,,0.0,1050,R|Ref|1050,model_derived,7,3,7,,0.7457294369010556,0.210849177117096,0.1348597747591806,1.0281398817514609,0.13769222424186167,0.000994719352025076,0.26610537588027877,0.001587740727588362,1929.1430048972031,2.4346132144501733,"[""R|Ref|1050|A"", ""R|Ref|1050|B"", ""R|Ref|1050|C"", ""R|Ref|1050|D"", ""R|Ref|1050|E"", ""R|Ref|1050|F"", ""R|Ref|1050|G""]","[""R|Ref|1050|A"", ""R|Ref|1050|B"", ""R|Ref|1050|C""]","[""R|Ref|1050|A"", ""R|Ref|1050|B"", ""R|Ref|1050|C"", ""R|Ref|1050|D"", ""R|Ref|1050|E"", ""R|Ref|1050|F"", ""R|Ref|1050|G""]"
Y,SSA-P1-ED,0.3,1020,Y|P1-ED|1020,model_derived,7,3,7,,2.040021949143313,0.2589303001607878,5.925345406064154,0.9055249538717143,0.21423713946964618,0.0028227659204239103,0.3736684963894811,0.003407211571617551,1741.1037630607038,7.012664050772389,"[""Y|P1-ED|1020|A"", ""Y|P1-ED|1020|B"", ""Y|P1-ED|1020|C"", ""Y|P1-ED|1020|D"", ""Y|P1-ED|1020|E"", ""Y|P1-ED|1020|F"", ""Y|P1-ED|1020|G""]","[""Y|P1-ED|1020|A"", ""Y|P1-ED|1020|B"", ""Y|P1-ED|1020|C""]","[""Y|P1-ED|1020|A"", ""Y|P1-ED|1020|B"", ""Y|P1-ED|1020|C"", ""Y|P1-ED|1020|D"", ""Y|P1-ED|1020|E"", ""Y|P1-ED|1020|F"", ""Y|P1-ED|1020|G""]"
Y,SSA-P1-ED,0.3,1030,Y|P1-ED|1030,model_derived,7,3,7,,2.7138628731802044,0.7145256985687932,8.201336824976803,1.3335319030829544,0.20087628040311495,0.002905267303946639,0.3583332539787137,0.003404607032985936,1780.7242245366197,8.779856435317821,"[""Y|P1-ED|1030|A"", ""Y|P1-ED|1030|B"", ""Y|P1-ED|1030|C"", ""Y|P1-ED|1030|D"", ""Y|P1-ED|1030|E"", ""Y|P1-ED|1030|F"", ""Y|P1-ED|1030|G""]","[""Y|P1-ED|1030|A"", ""Y|P1-ED|1030|B"", ""Y|P1-ED|1030|C""]","[""Y|P1-ED|1030|A"", ""Y|P1-ED|1030|B"", ""Y|P1-ED|1030|C"", ""Y|P1-ED|1030|D"", ""Y|P1-ED|1030|E"", ""Y|P1-ED|1030|F"", ""Y|P1-ED|1030|G""]"
Y,SSA-P1-ED,0.3,1050,Y|P1-ED|1050,model_derived,7,3,7,,5.763484132904012,0.6389754298242084,16.679336214075562,1.5043946238648565,0.1395289221512704,0.00398767871099138,0.2782494687703651,0.005587701760700477,1990.94465574295,17.334230758749424,"[""Y|P1-ED|1050|A"", ""Y|P1-ED|1050|B"", ""Y|P1-ED|1050|C"", ""Y|P1-ED|1050|D"", ""Y|P1-ED|1050|E"", ""Y|P1-ED|1050|F"", ""Y|P1-ED|1050|G""]","[""Y|P1-ED|1050|A"", ""Y|P1-ED|1050|B"", ""Y|P1-ED|1050|C""]","[""Y|P1-ED|1050|A"", ""Y|P1-ED|1050|B"", ""Y|P1-ED|1050|C"", ""Y|P1-ED|1050|D"", ""Y|P1-ED|1050|E"", ""Y|P1-ED|1050|F"", ""Y|P1-ED|1050|G""]"
Y,SSA-P1-Raw,0.3,1020,Y|P1-Raw|1020,model_derived,7,3,7,,1.1416457273901022,0.23898954449813817,3.1349909896915245,0.9508258777763398,0.21254397085854093,0.0006535045769859238,0.3704690964821319,0.0008868101962690221,1739.888302703353,1.195649407575362,"[""Y|P1-Raw|1020|A"", ""Y|P1-Raw|1020|B"", ""Y|P1-Raw|1020|C"", ""Y|P1-Raw|1020|D"", ""Y|P1-Raw|1020|E"", ""Y|P1-Raw|1020|F"", ""Y|P1-Raw|1020|G""]","[""Y|P1-Raw|1020|A"", ""Y|P1-Raw|1020|B"", ""Y|P1-Raw|1020|C""]","[""Y|P1-Raw|1020|A"", ""Y|P1-Raw|1020|B"", ""Y|P1-Raw|1020|C"", ""Y|P1-Raw|1020|D"", ""Y|P1-Raw|1020|E"", ""Y|P1-Raw|1020|F"", ""Y|P1-Raw|1020|G""]"
Y,SSA-P1-Raw,0.3,1030,Y|P1-Raw|1030,model_derived,7,3,7,,1.7253126989856187,0.35309833697507875,4.204282704689756,1.8727346346720233,0.21103034112309638,0.003700045264246908,0.36848285617985604,0.0042387391783649,1743.0948771980059,10.761247519596504,"[""Y|P1-Raw|1030|A"", ""Y|P1-Raw|1030|B"", ""Y|P1-Raw|1030|C"", ""Y|P1-Raw|1030|D"", ""Y|P1-Raw|1030|E"", ""Y|P1-Raw|1030|F"", ""Y|P1-Raw|1030|G""]","[""Y|P1-Raw|1030|A"", ""Y|P1-Raw|1030|B"", ""Y|P1-Raw|1030|C""]","[""Y|P1-Raw|1030|A"", ""Y|P1-Raw|1030|B"", ""Y|P1-Raw|1030|C"", ""Y|P1-Raw|1030|D"", ""Y|P1-Raw|1030|E"", ""Y|P1-Raw|1030|F"", ""Y|P1-Raw|1030|G""]"
Y,SSA-P1-Raw,0.3,1050,Y|P1-Raw|1050,model_derived,7,3,7,,3.788521184117713,0.47800300056549677,11.183857403468558,1.0410782730154975,0.16237049414080273,0.004175575427406329,0.30882815743187325,0.005799510669537723,1898.7992714752402,13.193829880191773,"[""Y|P1-Raw|1050|A"", ""Y|P1-Raw|1050|B"", ""Y|P1-Raw|1050|C"", ""Y|P1-Raw|1050|D"", ""Y|P1-Raw|1050|E"", ""Y|P1-Raw|1050|F"", ""Y|P1-Raw|1050|G""]","[""Y|P1-Raw|1050|A"", ""Y|P1-Raw|1050|B"", ""Y|P1-Raw|1050|C""]","[""Y|P1-Raw|1050|A"", ""Y|P1-Raw|1050|B"", ""Y|P1-Raw|1050|C"", ""Y|P1-Raw|1050|D"", ""Y|P1-Raw|1050|E"", ""Y|P1-Raw|1050|F"", ""Y|P1-Raw|1050|G""]"
Y,SSA-P2-ED,0.3,1020,Y|P2-ED|1020,model_derived,7,3,7,,3.071793559619737,0.35995431577618003,9.198438605737838,1.1136477763268064,0.19671730502896936,0.003918295170525336,0.35456325529647276,0.004715920006614837,1799.3142495041861,12.062885253189208,"[""Y|P2-ED|1020|A"", ""Y|P2-ED|1020|B"", ""Y|P2-ED|1020|C"", ""Y|P2-ED|1020|D"", ""Y|P2-ED|1020|E"", ""Y|P2-ED|1020|F"", ""Y|P2-ED|1020|G""]","[""Y|P2-ED|1020|A"", ""Y|P2-ED|1020|B"", ""Y|P2-ED|1020|C""]","[""Y|P2-ED|1020|A"", ""Y|P2-ED|1020|B"", ""Y|P2-ED|1020|C"", ""Y|P2-ED|1020|D"", ""Y|P2-ED|1020|E"", ""Y|P2-ED|1020|F"", ""Y|P2-ED|1020|G""]"
Y,SSA-P2-ED,0.3,1030,Y|P2-ED|1030,model_derived,7,3,7,,4.373819424235268,0.29410588659496073,12.60623873408496,0.9630333986918383,0.17489923891188722,0.003943090306768174,0.32834869667414407,0.005157102106750342,1874.175197888711,13.060038196353968,"[""Y|P2-ED|1030|A"", ""Y|P2-ED|1030|B"", ""Y|P2-ED|1030|C"", ""Y|P2-ED|1030|D"", ""Y|P2-ED|1030|E"", ""Y|P2-ED|1030|F"", ""Y|P2-ED|1030|G""]","[""Y|P2-ED|1030|A"", ""Y|P2-ED|1030|B"", ""Y|P2-ED|1030|C""]","[""Y|P2-ED|1030|A"", ""Y|P2-ED|1030|B"", ""Y|P2-ED|1030|C"", ""Y|P2-ED|1030|D"", ""Y|P2-ED|1030|E"", ""Y|P2-ED|1030|F"", ""Y|P2-ED|1030|G""]"
Y,SSA-P2-ED,0.3,1050,Y|P2-ED|1050,model_derived,7,3,7,,8.086234736754673,0.605552010781523,22.45865785994691,1.150684070419253,0.11178914699226741,0.003208369707345639,0.23565572467712634,0.00553175462610976,2104.4538687675267,11.08987986929975,"[""Y|P2-ED|1050|A"", ""Y|P2-ED|1050|B"", ""Y|P2-ED|1050|C"", ""Y|P2-ED|1050|D"", ""Y|P2-ED|1050|E"", ""Y|P2-ED|1050|F"", ""Y|P2-ED|1050|G""]","[""Y|P2-ED|1050|A"", ""Y|P2-ED|1050|B"", ""Y|P2-ED|1050|C""]","[""Y|P2-ED|1050|A"", ""Y|P2-ED|1050|B"", ""Y|P2-ED|1050|C"", ""Y|P2-ED|1050|D"", ""Y|P2-ED|1050|E"", ""Y|P2-ED|1050|F"", ""Y|P2-ED|1050|G""]"
Y,SSA-P2-Raw,0.3,1020,Y|P2-Raw|1020,model_derived,7,3,7,,1.5775820540281387,0.4505685915775297,5.730091844815534,1.1847551290969833,0.20619706449043473,0.0003453599048256442,0.36586003865112704,0.0005920181288833324,1771.12869764808,0.8047519654241607,"[""Y|P2-Raw|1020|A"", ""Y|P2-Raw|1020|B"", ""Y|P2-Raw|1020|C"", ""Y|P2-Raw|1020|D"", ""Y|P2-Raw|1020|E"", ""Y|P2-Raw|1020|F"", ""Y|P2-Raw|1020|G""]","[""Y|P2-Raw|1020|A"", ""Y|P2-Raw|1020|B"", ""Y|P2-Raw|1020|C""]","[""Y|P2-Raw|1020|A"", ""Y|P2-Raw|1020|B"", ""Y|P2-Raw|1020|C"", ""Y|P2-Raw|1020|D"", ""Y|P2-Raw|1020|E"", ""Y|P2-Raw|1020|F"", ""Y|P2-Raw|1020|G""]"
Y,SSA-P2-Raw,0.3,1030,Y|P2-Raw|1030,model_derived,7,3,7,,2.8514591164509726,0.2987628782357921,8.197471130364727,1.0025834968287926,0.1885174189177753,0.001418872286634166,0.3449955079439882,0.0017408943074959074,1826.775070610147,4.874703179120093,"[""Y|P2-Raw|1030|A"", ""Y|P2-Raw|1030|B"", ""Y|P2-Raw|1030|C"", ""Y|P2-Raw|1030|D"", ""Y|P2-Raw|1030|E"", ""Y|P2-Raw|1030|F"", ""Y|P2-Raw|1030|G""]","[""Y|P2-Raw|1030|A"", ""Y|P2-Raw|1030|B"", ""Y|P2-Raw|1030|C""]","[""Y|P2-Raw|1030|A"", ""Y|P2-Raw|1030|B"", ""Y|P2-Raw|1030|C"", ""Y|P2-Raw|1030|D"", ""Y|P2-Raw|1030|E"", ""Y|P2-Raw|1030|F"", ""Y|P2-Raw|1030|G""]"
Y,SSA-P2-Raw,0.3,1050,Y|P2-Raw|1050,model_derived,7,3,7,,5.67980354966722,0.33526579880892027,16.044172192463666,1.1006540197931431,0.13675575032542778,0.0021450483660850886,0.2748003954509473,0.0027116776219562565,2005.9288571457614,11.583055493930111,"[""Y|P2-Raw|1050|A"", ""Y|P2-Raw|1050|B"", ""Y|P2-Raw|1050|C"", ""Y|P2-Raw|1050|D"", ""Y|P2-Raw|1050|E"", ""Y|P2-Raw|1050|F"", ""Y|P2-Raw|1050|G""]","[""Y|P2-Raw|1050|A"", ""Y|P2-Raw|1050|B"", ""Y|P2-Raw|1050|C""]","[""Y|P2-Raw|1050|A"", ""Y|P2-Raw|1050|B"", ""Y|P2-Raw|1050|C"", ""Y|P2-Raw|1050|D"", ""Y|P2-Raw|1050|E"", ""Y|P2-Raw|1050|F"", ""Y|P2-Raw|1050|G""]"
Y,,0.0,1020,Y|Ref|1020,model_derived,7,3,7,,-0.16238091960514475,0.4803575577935691,-0.46749073322134704,0.86515517839553,0.18400335022993455,0.0006247343191147576,0.33520210579073,0.0007904246076433194,1818.443134279381,2.570059810492027,"[""Y|Ref|1020|A"", ""Y|Ref|1020|B"", ""Y|Ref|1020|C"", ""Y|Ref|1020|D"", ""Y|Ref|1020|E"", ""Y|Ref|1020|F"", ""Y|Ref|1020|G""]","[""Y|Ref|1020|A"", ""Y|Ref|1020|B"", ""Y|Ref|1020|C""]","[""Y|Ref|1020|A"", ""Y|Ref|1020|B"", ""Y|Ref|1020|C"", ""Y|Ref|1020|D"", ""Y|Ref|1020|E"", ""Y|Ref|1020|F"", ""Y|Ref|1020|G""]"
Y,,0.0,1030,Y|Ref|1030,model_derived,7,3,7,,-0.05884752629956781,0.5585970214659566,-0.0008121974936743501,1.1821818650355238,0.18306569943314208,0.0005112502032515484,0.3333700628272938,0.0007453836956902315,1817.7646468922128,1.2044272664993907,"[""Y|Ref|1030|A"", ""Y|Ref|1030|B"", ""Y|Ref|1030|C"", ""Y|Ref|1030|D"", ""Y|Ref|1030|E"", ""Y|Ref|1030|F"", ""Y|Ref|1030|G""]","[""Y|Ref|1030|A"", ""Y|Ref|1030|B"", ""Y|Ref|1030|C""]","[""Y|Ref|1030|A"", ""Y|Ref|1030|B"", ""Y|Ref|1030|C"", ""Y|Ref|1030|D"", ""Y|Ref|1030|E"", ""Y|Ref|1030|F"", ""Y|Ref|1030|G""]"
Y,,0.0,1050,Y|Ref|1050,model_derived,7,3,7,,0.6565320365272882,0.5486560330049088,2.13792407309401,1.2810633274931444,0.17377990691169273,0.001101083274116163,0.32221964542005344,0.001067907899373595,1850.868882865395,5.764227644738978,"[""Y|Ref|1050|A"", ""Y|Ref|1050|B"", ""Y|Ref|1050|C"", ""Y|Ref|1050|D"", ""Y|Ref|1050|E"", ""Y|Ref|1050|F"", ""Y|Ref|1050|G""]","[""Y|Ref|1050|A"", ""Y|Ref|1050|B"", ""Y|Ref|1050|C""]","[""Y|Ref|1050|A"", ""Y|Ref|1050|B"", ""Y|Ref|1050|C"", ""Y|Ref|1050|D"", ""Y|Ref|1050|E"", ""Y|Ref|1050|F"", ""Y|Ref|1050|G""]"
