dt_s,time_s,solid_mol,product_gas_mol,carrier_mol,temperature_k,pressure_pa,internal_energy_j,temperature_error_bound_k,error_solid_mol,error_temperature_k,error_pressure_pa,error_energy_j,error_carbon_mol,error_nitrogen_mol,error_mass_kg,error_prefix_energy_j
0.0625,0.0,0.01,0.0,0.01,300.0,249683.56210670387,-23.473387854459705,2.871455730655821e-09,0.0,0.0,0.0,0.0,0.0,0.0,0.0,0.0
0.0625,0.0625,0.009394228458404541,0.0006057715415954591,0.01,303.0564081021198,267490.3397172455,-23.473387854459705,2.7711898435860984e-09,9.783026978273102e-08,0.0005057024789039133,2.9111363560077734,0.0,0.0,0.0,0.0,0.0
0.0625,0.125,0.008825152832869776,0.0011748471671302243,0.01,306.06739019202024,284627.11997691396,-23.473387854459705,2.6720401863661257e-09,1.8380702382185532e-07,0.000995455093345754,5.602128294005524,0.0,0.0,0.0,0.0,0.0
0.0625,0.1875,0.00829055018923147,0.00170944981076853,0.01,309.0282113671545,301112.65355633106,-23.473387854459705,2.5740755481587556e-09,2.590074274656101e-07,0.001466975536800419,8.082093632838223,0.0,0.0,0.0,0.0,0.0
0.0625,0.25,0.007788332252350942,0.0022116677476490573,0.01,311.9344853620195,316964.7229605845,-23.473387854459705,2.477635784956076e-09,3.244216368923983e-07,0.0019182212288910705,10.359567567764316,0.0,1.734723475976807e-18,0.0,0.0,0.0
0.0625,0.3125,0.007316537248854515,0.0026834627511454837,0.01,314.7821946785741,332200.32371555077,-23.473387854459705,2.3826276819461836e-09,3.8095938809708935e-07,0.0023474040200426316,12.44264437846141,0.0,1.734723475976807e-18,0.0,0.0,0.0
0.0625,0.375,0.006873322244016595,0.0031266777559834035,0.01,317.56770573459846,346835.823358562,-23.473387854459705,2.28938662561947e-09,4.294561068733313e-07,0.002752999911479037,14.339097178017255,0.0,1.734723475976807e-18,0.0,0.0,0.0
0.0625,0.4375,0.006456955942852566,0.0035430440571474326,0.01,320.2877790616632,360887.098808161,-23.473387854459705,2.1980342143410174e-09,4.7067857364586907e-07,0.003133753886118029,16.05647652654443,0.0,1.734723475976807e-18,0.0,0.0,0.0
0.0625,0.5,0.00606581192730099,0.003934188072699008,0.01,322.9395746832604,374369.65294579015,-23.473387854459705,2.1085629161857447e-09,5.053301746563155e-07,0.0034886800732465417,17.602189065422863,0.0,1.734723475976807e-18,0.0,0.0,0.0
0.0625,0.5625,0.005698362303078066,0.004301637696921932,0.01,325.5206528918926,387298.71147140994,-23.473387854459705,2.0211959857721295e-09,5.340557688365485e-07,0.003817057576213756,18.983557601459324,0.0,1.734723475976807e-18,0.0,0.0,0.0
0.0625,0.625,0.005353171731387561,0.004646828268612437,0.01,328.02897071958705,399689.3012893914,-23.473387854459705,1.9360417667546173e-09,5.574461976586703e-07,0.004118422379576714,20.207864293595776,0.0,1.734723475976807e-18,0.0,0.0,0.0
0.0625,0.6875,0.005028891822172774,0.004971108177827224,0.01,330.46287445814096,411556.311836733,-23.473387854459705,1.8530627758472257e-09,5.760424633639502e-07,0.004392555819663357,21.282378757954575,0.0,1.734723475976807e-18,0.0,0.0,0.0
0.0625,0.75,0.004724255867009334,0.005275744132990664,0.01,332.82108863280786,422914.5408807964,-23.473387854459705,1.7724382422604984e-09,5.903395991872784e-07,0.004639470144468305,22.21437300153775,0.0,1.734723475976807e-18,0.0,0.0,0.0
0.0625,0.8125,0.004438073891064371,0.005561926108935628,0.01,335.1027018661052,433778.7263882189,-23.473387854459705,1.6941409162910752e-09,6.007902535716883e-07,0.0048593917119319485,23.01112513692351,0.0,1.734723475976807e-18,0.0,0.0,0.0
0.0625,0.875,0.004169228004793908,0.0058307719952060905,0.01,337.3071500875028,444163.56610190246,-23.473387854459705,1.6182867226118071e-09,6.078080088236029e-07,0.005052742380485142,23.679913815984037,0.0,1.734723475976807e-18,0.0,0.0,0.0
0.0625,0.9375,0.003916668037221212,0.006083331962778786,0.01,339.4341975509292,454083.7264617879,-23.473387854459705,1.5448178493232937e-09,6.11770453222242e-07,0.005220119628006614,24.228005249868147,0.0,1.734723475976807e-18,0.0,0.0,0.0
0.0625,1.0,0.003679407433738697,0.0063205925662613025,0.01,341.4839161166217,463553.84247127105,-23.473387854459705,1.4738757598754181e-09,6.130220242734664e-07,0.005362275911011238,24.662634583655745,0.0,1.734723475976807e-18,0.0,0.0,0.0
0.0625,1.0625,0.0034565194024093284,0.0065434805975906705,0.01,343.45666323843346,472588.51004911546,-23.473387854459705,1.4053831197447916e-09,6.118766395831615e-07,0.0054800977310378585,24.99098324996885,0.0,1.734723475976807e-18,0.0,0.0,0.0
0.0625,1.125,0.0032471332937141174,0.006752866706285882,0.01,345.35305907397697,481202.2723214628,-23.473387854459705,1.3394120460859719e-09,6.086201306200641e-07,0.005574584830924323,25.220153770467732,0.0,1.734723475976807e-18,0.0,0.0,0.0
0.0625,1.1875,0.0030504311996042035,0.006949568800395796,0.01,347.17396310470235,489409.60120511346,-23.473387854459705,1.2758464458266294e-09,6.035124936105453e-07,0.005646829884994986,25.357143291155808,0.0,0.0,0.0,0.0,0.0
0.0625,1.25,0.0028656447585726913,0.007134355241427309,0.01,348.9204506178858,497224.8755165925,-23.473387854459705,1.2146662440079613e-09,5.967899707904484e-07,0.005697998993355213,25.408816957788076,0.0,0.0,0.0,0.0,0.0
0.0625,1.3125,0.002692052154266139,0.007307947845733862,0.01,350.5937893641734,504662.3567163543,-23.473387854459705,1.1559988979103257e-09,5.886669742997258e-07,0.0057293132299491845,25.381882052926812,0.0,0.0,0.0,0.0,0.0
0.0625,1.375,0.0025289752959116213,0.007471024704088379,0.01,352.19541666426676,511736.16326808406,-23.473387854459705,1.0996876438070624e-09,5.793378641564748e-07,0.005742031439694983,25.282863635686226,0.0,0.0,0.0,0.0,0.0
0.0625,1.4375,0.0023757771695455,0.007624222830454501,0.01,353.72691719785973,518460.2444632056,-23.473387854459705,1.0456923621129703e-09,5.689785909186382e-07,0.005737434424759158,25.118082255881745,0.0,1.734723475976807e-18,0.0,5.421010862427522e-20,0.0
0.0625,1.5,0.0022318593496972127,0.007768140650302789,0.01,355.1900016681435,524848.3544335932,-23.473387854459705,9.940282983876486e-10,5.577482129143566e-07,0.005716810612682366,24.89363416249398,0.0,1.734723475976807e-18,0.0,5.421010862427522e-20,0.0
0.0625,1.5625,0.0020966596618081806,0.00790334033819182,0.01,356.5864864970069,530914.0269537369,-23.473387854459705,9.446773433638108e-10,5.457902972024788e-07,0.005681443254161422,24.615374282817356,0.0,0.0,0.0,0.0,0.0
0.0625,1.625,0.001969649986254725,0.008030350013745276,0.01,357.91827467016753,536670.5515192423,-23.473387854459705,8.974324348594025e-10,5.332342127846272e-07,0.005632599160264817,24.288902128348127,0.0,1.734723475976807e-18,0.0,5.421010862427522e-20,0.0
0.0625,1.6875,0.001850334195397025,0.008149665804602977,0.01,359.18733781840405,542130.9510830337,-23.473387854459705,8.52327571634223e-10,5.201963239821923e-07,0.005571518956003274,23.919550678809173,0.0,1.734723475976807e-18,0.0,5.421010862427522e-20,0.0
0.0625,1.75,0.0017382462155957803,0.00826175378440422,0.01,360.39569959115744,547307.9617349572,-23.473387854459705,8.093654149611991e-10,5.067810913289301e-07,0.005499408801767913,23.5123782082228,0.0,0.0,0.0,0.0,0.0
0.0625,1.8125,0.0016329482066263874,0.008367051793373614,0.01,361.545420352234,552214.0145251693,-23.473387854459705,7.684373005371206e-10,4.930820868033481e-07,0.005417433510956471,23.07216294866521,0.0,1.734723475976807e-18,0.0,5.421010862427522e-20,0.0
0.0625,1.875,0.0015340288513790267,0.008465971148620974,0.01,362.6385832042275,556861.2195569085,-23.473387854459705,7.293676747570984e-10,4.791829297421616e-07,0.0053267109781813815,22.6034004293615,0.0,0.0,0.0,0.0,0.0
0.0625,1.9375,0.0014411017491638481,0.008558898250836153,0.01,363.6772813285503,561261.3524098207,-23.473387854459705,6.922413823894166e-10,4.6515814931531556e-07,0.0052283078196069255,22.110303296125494,0.0,0.0,0.0,0.0,0.0
0.0625,2.0,0.0013538039063451584,0.008646196093654843,0.01,364.6636066114886,565425.8429005514,-23.473387854459705,6.568757031461624e-10,4.510739790315049e-07,0.005123236120425645,21.596803376916796,0.0,1.734723475976807e-18,0.0,5.421010862427522e-20,0.0
0.03125,0.0,0.01,0.0,0.01,300.0,249683.56210670387,-23.473387854459705,2.871455730655821e-09,0.0,0.0,0.0,0.0,0.0,0.0,0.0,0.0
0.03125,0.03125,0.009692344814538956,0.0003076551854610443,0.01,301.5337651669434,258673.03282022182,-23.473387854459705,2.8211978182031457e-09,1.2469775514251102e-08,6.293080321029265e-05,0.36659481178503484,0.0,0.0,0.0,0.0,0.0
0.03125,0.0625,0.009394154800392018,0.0006058451996079817,0.01,303.05678885342684,267492.5315584013,-23.473387854459705,2.77118774792168e-09,2.4172257260049457e-08,0.00012495117186972493,0.7192952001933008,0.0,0.0,0.0,0.0,0.0
0.03125,0.09375,0.009105138756655582,0.0008948612433444182,0.01,304.5684479666053,276144.5077969191,-23.473387854459705,2.721431857803776e-09,3.51428552404498e-08,0.00018598537604930243,1.0583990711602382,0.0,0.0,0.0,0.0,0.0
0.03125,0.125,0.008825014441372842,0.0011749855586271596,0.01,306.0681396860193,284631.33791236806,-23.473387854459705,2.672010101485749e-09,4.541552688780426e-08,0.0002459610942651125,1.384192839905154,0.0,1.734723475976807e-18,0.0,5.421010862427522e-20,0.0
0.03125,0.15625,0.008553508295907146,0.001446491704092855,0.01,307.5552822851095,292955.3317275994,-23.473387854459705,2.622844372974603e-09,5.5022832920123554e-08,0.0003048095749704771,1.6969527424080297,0.0,0.0,0.0,0.0,0.0
0.03125,0.1875,0.008290355177795155,0.0017096448222048443,0.01,309.0293158769122,301118.73870390456,-23.473387854459705,2.574060846489487e-09,6.39959911504645e-08,0.0003624657790624042,1.996946059342008,0.0,1.734723475976807e-18,0.0,0.0,0.0
0.03125,0.21875,0.008035298101818905,0.001964701898181094,0.01,310.48970308269986,309123.7537806507,-23.473387854459705,2.525587130719594e-09,7.236492829791608e-08,0.0004188685028339023,2.2844322532764636,0.0,1.734723475976807e-18,0.0,0.0,0.0
0.03125,0.25,0.007788087989043918,0.002211912010956081,0.01,311.93592962276597,316972.52286413294,-23.473387854459705,2.4775316575155707e-09,8.015832986870558e-08,0.0004739604823953414,2.5596640193252824,0.0,1.734723475976807e-18,0.0,0.0,0.0
0.03125,0.28125,0.007548483423578294,0.002451516576421705,0.01,313.36750482899265,324667.14796853706,-23.473387854459705,2.4298468060345556e-09,8.740368822018202e-08,0.0005276884779163993,2.82288825098658,0.0,1.734723475976807e-18,0.0,0.0,0.0
0.03125,0.3125,0.007316250416815234,0.002683749583184765,0.01,314.7839620792552,332209.69201300666,-23.473387854459705,2.382557168036283e-09,9.412734881635021e-08,0.0005800033389391501,3.0743469225708395,0.0,1.734723475976807e-18,0.0,0.0,0.0
0.03125,0.34375,0.0070911621789287605,0.002908837821071238,0.01,316.1848591541285,339602.1832798746,-23.473387854459705,2.3357231931365516e-09,1.0035455477643701e-07,0.0006308600510465112,3.3142778892070055,0.0,1.734723475976807e-18,0.0,0.0,0.0
0.03125,0.375,0.006872998897399493,0.003127001102600505,0.01,317.5697785167465,346846.619540132,-23.473387854459705,2.2893171129151973e-09,1.0610948977113344e-07,0.0006802177634313011,3.5429156080354005,0.0,1.734723475976807e-18,0.0,0.0,0.0
0.03125,0.40625,0.006661547522354194,0.0033384524776458044,0.01,318.93832751703786,353944.971853175,-23.473387854459705,2.2433755365379552e-09,1.1141531931595228e-07,0.0007280397986164644,3.7604917805292644,0.0,1.734723475976807e-18,0.0,0.0,0.0
0.03125,0.4375,0.00645660155850945,0.0035433984414905482,0.01,320.2901385219047,360899.1880487657,-23.473387854459705,2.197906917904369e-09,1.1629423052935545e-07,0.0007742936446106796,3.9672359218238853,0.0,1.734723475976807e-18,0.0,0.0,0.0
0.03125,0.46875,0.006257960863516321,0.0037420391364836776,0.01,321.6248689732365,367711.19589998375,-23.473387854459705,2.152935173241824e-09,1.2076747040942748e-07,0.000818950930408846,4.163375857111532,0.0,1.734723475976807e-18,0.0,0.0,0.0
0.03125,0.5,0.006065431452509013,0.003934568547490985,0.01,322.94220137594823,374382.9059967059,-23.473387854459705,2.1084680657141222e-09,1.2485538267940216e-07,0.0008619873854058824,4.349138149700593,0.0,1.734723475976807e-18,0.0,0.0,0.0
0.03125,0.53125,0.005878825308666722,0.004121174691333276,0.01,324.2418432184996,380916.21432983957,-23.473387854459705,2.064506160755785e-09,1.2857744325755344e-07,0.0009033827830080554,4.52474846347468,0.0,1.734723475976807e-18,0.0,0.0,0.0
0.03125,0.5625,0.005697960199603628,0.00430203980039637,0.01,325.5235268285975,387313.004597147,-23.473387854459705,2.0211234285260923e-09,1.3195229439828815e-07,0.0009431208713408523,4.6904318644083105,0.0,1.734723475976807e-18,0.0,0.0,0.0
0.03125,0.59375,0.005522659499407758,0.00447734050059224,0.01,326.78700916699654,393575.1502420296,-23.473387854459705,1.978213228927422e-09,1.3499777755474757e-07,0.000981189289007034,4.846413061954081,0.0,1.734723475976807e-18,0.0,0.0,0.0
0.03125,0.625,0.0053527520161549096,0.004647247983845089,0.01,328.0320715624965,399704.5162370871,-23.473387854459705,1.9358855589721215e-09,1.3773096500715315e-07,0.001017579470101282,4.9929165979265235,0.0,1.734723475976807e-18,0.0,0.0,0.0
0.03125,0.65625,0.005188071824729198,0.0048119281752708005,0.01,329.258519391395,405702.9606246422,-23.473387854459705,1.8941461745754836e-09,1.4016819030460148e-07,0.0010522865366056067,5.130166982882656,0.0,1.734723475976807e-18,0.0,0.0,0.0
0.03125,0.6875,0.0050284581047869694,0.004971541895213029,0.01,330.46618170477905,411572.33582670556,-23.473387854459705,1.8529498629449399e-09,1.423250775593396e-07,0.0010853091815761218,5.258388785412535,0.0,1.734723475976807e-18,0.0,0.0,0.0
0.03125,0.71875,0.004873754983705837,0.005126245016294161,0.01,331.65491080714173,417314.4897370673,-23.473387854459705,1.8123837017255065e-09,1.4421656964642982e-07,0.001116649542950654,5.377806680509821,0.0,1.734723475976807e-18,0.0,0.0,0.0
0.03125,0.75,0.004723811384365466,0.005276188615634532,0.01,332.8245817898836,422931.26660834375,-23.473387854459705,1.7722989150556682e-09,1.458569553192124e-07,0.0011463130687161538,5.488645454170182,0.0,1.734723475976807e-18,0.0,0.0,0.0
0.03125,0.78125,0.0045784808776114716,0.005421519122388527,0.01,333.9750920233039,428424.5077468548,-23.473387854459705,1.7328713820328503e-09,1.4725989532903688e-07,0.0011743083762212336,5.591129976615775,0.0,1.734723475976807e-18,0.0,0.0,0.0
0.03125,0.8125,0.004437621539258332,0.005562378460741667,0.01,335.10636061071267,433796.0520282158,-23.473387854459705,1.6940085276272164e-09,1.484384475327824e-07,0.0012006471044401223,5.6854851400712505,0.0,1.734723475976807e-18,0.0,0.0,0.0
0.03125,0.84375,0.004301095811491687,0.005698904188508312,0.01,336.21832780829175,439047.7362464386,-23.473387854459705,1.655761624521942e-09,1.494050910644945e-07,0.001225343762371267,5.771935769938864,0.0,1.734723475976807e-18,0.0,0.0,0.0
0.03125,0.875,0.004168770368534668,0.005831229631465331,0.01,337.31095441431074,444181.395309208,-23.473387854459705,1.6181217605764994e-09,1.501717495832819e-07,0.001248415572547401,5.850706510420423,0.0,1.734723475976807e-18,0.0,0.0,0.0
0.03125,0.90625,0.0040405159864470635,0.005959484013552935,0.01,338.3842211312601,449198.86229180323,-23.473387854459705,1.5811879545916924e-09,1.5074981364257556e-07,0.0012698823124992487,5.922021687438246,0.0,1.734723475976807e-18,0.0,0.0,0.0
0.03125,0.9375,0.003916207416930195,0.006083792583069804,0.01,339.4381279044036,454101.968361883,-23.473387854459705,1.544695699642035e-09,1.511501622050368e-07,0.0012897661536044325,5.986105154734105,0.0,1.734723475976807e-18,0.0,0.0,0.0
0.03125,0.96875,0.003795723265014237,0.0062042767349857605,0.01,340.47269324016924,458892.5425870632,-23.473387854459705,1.5089649299942587e-09,1.5138318334127765e-07,0.0013080914995953208,6.043180123786442,0.0,1.734723475976807e-18,0.0,0.0,0.0
0.03125,1.0,0.0036789458705085614,0.006321054129491436,0.01,341.4879535077089,463572.4116368739,-23.473387854459705,1.47375666092864e-09,1.5145879413798122e-07,0.0013248848238163191,6.093468980805483,0.0,1.734723475976807e-18,0.0,0.0,0.0
0.03125,1.03125,0.003565761193099316,0.006434238806900682,0.01,342.48396222684175,468143.39939030586,-23.473387854459705,1.4391994827129108e-09,1.513864598457794e-07,0.0013401745078454042,6.137193094356917,0.0,1.734723475976807e-18,0.0,0.0,0.0
0.03125,1.0625,0.003456058700982039,0.006543941299017958,0.01,343.4607893454834,472607.3264597488,-23.473387854459705,1.405281985565188e-09,1.5117521229377623e-07,0.0013539906810819957,6.174572616640944,0.0,3.469446951953614e-18,0.0,5.421010862427522e-20,0.0
0.03125,1.09375,0.0033497312629205502,0.006650268737079446,0.01,344.4185205095267,476966.0096416868,-23.473387854459705,1.3719332565106832e-09,1.5083366760064096e-07,0.001366365062267505,6.205826278193854,0.0,3.469446951953614e-18,0.0,5.421010862427522e-20,0.0
0.03125,1.125,0.003246675043626702,0.006753324956373294,0.01,345.3572563280042,481221.261304051,-23.473387854459705,1.3392085883958254e-09,1.5037004320482203e-07,0.0013773308036775234,6.231171182298567,0.0,5.204170427930421e-18,0.0,5.421010862427522e-20,0.0
0.03125,1.15625,0.0031467894023588304,0.006853210597641165,0.01,346.27711163621643,485374.88871965726,-23.473387854459705,1.307128207091026e-09,1.4979217423990304e-07,0.001386922338383556,6.250822596892249,0.0,5.204170427930421e-18,0.0,5.421010862427522e-20,0.0
0.03125,1.1875,0.003049976794639875,0.00695002320536012,0.01,347.1782147593563,489428.6933546552,-23.473387854459705,1.275705079714982e-09,1.4910752928198878e-07,0.0013951752310390475,6.26499374944251,0.0,5.204170427930421e-18,0.0,5.421010862427522e-20,0.0
0.03125,1.21875,0.002956142676999194,0.007043857323000802,0.01,348.0607067790078,493384.4701204185,-23.473387854459705,1.2447774959419284e-09,1.483232254864686e-07,0.0014021260332128804,6.273895623278804,0.0,5.204170427930421e-18,0.0,5.421010862427522e-20,0.0
0.03125,1.25,0.0028651954146450445,0.007134804585354951,0.01,348.9247408047363,497244.0065967895,-23.473387854459705,1.2145671066941686e-09,1.4744604314364737e-07,0.0014078121428724444,6.2777367607923225,0.0,5.204170427930421e-18,0.0,5.421010862427522e-20,0.0
0.03125,1.28125,0.002777046191977569,0.007222953808022427,0.01,349.77048125283204,501009.0822340871,-23.473387854459705,1.1848664409545242e-09,1.4648243966929042e-07,0.0014122716685278647,6.276723069779109,0.0,5.204170427930421e-18,0.0,5.421010862427522e-20,0.0
0.03125,1.3125,0.0026916089258548943,0.0073083910741451015,0.01,350.59810313410395,504681.4675407683,-23.473387854459705,1.1558178423189913e-09,1.454385630552356e-07,0.0014155432994016337,6.271057638921775,0.0,5.204170427930421e-18,0.0,5.421010862427522e-20,0.0
0.03125,1.34375,0.0026088001815276454,0.00739119981847235,0.01,351.40779135246834,508262.92326313176,-23.473387854459705,1.127395518276579e-09,1.4432026479568524e-07,0.0014176661798614987,6.2609405615366995,0.0,5.204170427930421e-18,0.0,5.421010862427522e-20,0.0
0.03125,1.375,0.0025285390911597757,0.007471460908840219,0.01,352.1997400159162,511755.19956295367,-23.473387854459705,1.0995205355330548e-09,1.4313311231086215e-07,0.0014186797902766557,6.246568766073324,0.0,5.204170427930421e-18,0.0,5.421010862427522e-20,0.0
0.03125,1.40625,0.0024507472748561496,0.007549252725143846,0.01,352.9741517612908,515160.03519844933,-23.473387854459705,1.0723221752744624e-09,1.4188240089058057e-07,0.0014186238334445989,6.228135859186295,0.0,5.204170427930421e-18,0.0,5.421010862427522e-20,0.0
0.03125,1.4375,0.002375348764119748,0.007624651235880248,0.01,353.731237094158,518479.1567134848,-23.473387854459705,1.0456153640676356e-09,1.4057316516684001e-07,0.0014175381264749376,6.205831976723857,0.0,3.469446951953614e-18,0.0,5.421010862427522e-20,0.0
0.03125,1.46875,0.0023022699276637557,0.007697730072336241,0.01,354.47121374490416,521714.2776394904,-23.473387854459705,1.019423335612125e-09,1.3921019014102864e-07,0.001415462499323894,6.179843647812959,0.0,3.469446951953614e-18,0.0,5.421010862427522e-20,0.0
0.03125,1.5,0.002231439399506078,0.007768560600493919,0.01,355.19430604205746,524867.0977140879,-23.473387854459705,9.93891362263666e-10,1.377980217796143e-07,0.001412436698728925,6.150353667791933,0.0,3.469446951953614e-18,0.0,5.421010862427522e-20,0.0
0.03125,1.53125,0.0021627880092760657,0.007837211990723932,0.01,355.9007443036923,527939.3021200028,-23.473387854459705,9.68968471394251e-10,1.3634097719263452e-07,0.0014085002982824335,6.117540984065272,0.0,1.734723475976807e-18,0.0,0.0,0.0
0.03125,1.5625,0.002096248714665391,0.007903751285334607,0.01,356.5907642476467,530932.5607474272,-23.473387854459705,9.44541183528744e-10,1.3484315441276637e-07,0.0014036926143603523,6.0815805925522,0.0,1.734723475976807e-18,0.0,0.0,0.0
0.03125,1.59375,0.0020317565359571055,0.007968243464042893,0.01,357.26460642115893,533848.527482599,-23.473387854459705,9.206403879947492e-10,1.3330844178798679e-07,0.0013980526282466599,6.042643446824513,0.0,1.734723475976807e-18,0.0,0.0,0.0
0.03125,1.625,0.001969248492568948,0.00803075150743105,0.01,357.922515650414,536688.839524993,-23.473387854459705,8.972509868409087e-10,1.3174052700777247e-07,0.0013916189137717083,6.000896377721801,0.0,1.734723475976807e-18,0.0,0.0,0.0
0.03125,1.65625,0.00190866354154893,0.008091336458451068,0.01,358.5647405103783,539455.1167351616,-23.473387854459705,8.744585766946872e-10,1.3014290576674262e-07,0.0013844295704075193,5.956502024899237,0.0,1.734723475976807e-18,0.0,0.0,0.0
0.03125,1.6875,0.001849942517963133,0.008150057482036864,0.01,359.1915328151974,542148.9610149335,-23.473387854459705,8.521862407558421e-10,1.2851889009003054e-07,0.0013765221626726998,5.909618778969161,0.0,3.469446951953614e-18,0.0,5.421010862427522e-20,0.0
0.03125,1.71875,0.001793028077117511,0.008206971922882486,0.01,359.803147129337,544771.9557213584,-23.473387854459705,8.304732440633955e-10,1.2687161632472105e-07,0.0013679336639711437,5.860400735866278,0.0,3.469446951953614e-18,0.0,5.421010862427522e-20,0.0
0.03125,1.75,0.0017378646385572663,0.00826213536144273,0.01,360.3998402995528,547325.6651155049,-23.473387854459705,8.091943891540018e-10,1.2520405281491766e-07,0.0013587004063992936,5.8089976605260745,0.0,3.469446951953614e-18,0.0,5.421010862427522e-20,0.0
0.03125,1.78125,0.0016843983317891135,0.008315601668210883,0.01,360.981871007695,549811.6338469357,-23.473387854459705,7.884907628523843e-10,1.235190072710647e-07,0.001348858035498779,5.755554961971939,0.0,3.469446951953614e-18,0.0,5.421010862427522e-20,0.0
0.03125,1.8125,0.0016325769436734282,0.008367423056326569,0.01,361.5494993442753,552231.3864744402,-23.473387854459705,7.682364183261932e-10,1.2181913384414975e-07,0.0013384414696133717,5.70021367771551,0.0,3.469446951953614e-18,0.0,5.421010862427522e-20,0.0
0.03125,1.84375,0.0015823498674349009,0.008417650132565097,0.01,362.10298640265177,554586.4270233711,-23.473387854459705,7.485101078000097e-10,1.201069399167122e-07,0.0013274848639639458,5.643110468168743,0.0,3.469446951953614e-18,0.0,5.421010862427522e-20,0.0
0.03125,1.875,0.0015336680532419065,0.008466331946758091,0.01,362.642593893626,556878.238579717,-23.473387854459705,7.292482916752513e-10,1.1838479262193426e-07,0.0013160215796688135,5.584377620834857,0.0,3.469446951953614e-18,0.0,5.421010862427522e-20,0.0
0.03125,1.90625,0.0014864839603063247,0.008513516039693674,0.01,363.1685837801864,559108.2829208554,-23.473387854459705,7.104425725781558e-10,1.1665492509948736e-07,0.0013040841564020411,5.524143060320057,0.0,1.734723475976807e-18,0.0,0.0,0.0
0.03125,1.9375,0.0014407515104570337,0.008559248489542965,0.01,363.6812179320802,561278.0001827456,-23.473387854459705,6.920604629391297e-10,1.1491944250092805e-07,0.001291704289712925,5.462530371150933,0.0,1.734723475976807e-18,0.0,0.0,0.0
0.03125,1.96875,0.0013964260431417398,0.008603573956858259,0.01,364.1807577998505,563388.8085631744,-23.473387854459705,6.742094443249525e-10,1.1318032775006412e-07,0.0012789128116992288,5.399658824200742,0.0,1.734723475976807e-18,0.0,0.0,0.0
0.03125,2.0,0.0013534642718131993,0.0086465357281868,0.01,364.6674641079335,565442.1040605154,-23.473387854459705,6.567616862827676e-10,1.1143944707238569e-07,0.001265739675545774,5.335643412894569,0.0,1.734723475976807e-18,0.0,0.0,0.0
0.015625,0.0,0.01,0.0,0.01,300.0,249683.56210670387,-23.473387854459705,2.871455730655821e-09,0.0,0.0,0.0,0.0,0.0,0.0,0.0,0.0
0.015625,0.015625,0.009844965944066643,0.0001550340559333563,0.01,300.7682092842284,254199.83915467345,-23.473387854459705,2.846299166306756e-09,1.5740125591801046e-09,7.847444749131682e-06,0.04599289540783502,0.0,0.0,0.0,0.0,0.0
0.015625,0.03125,0.0096923354439832,0.00030766455601679784,0.01,301.533812457011,258673.30830207828,-23.473387854459705,2.8212322686609155e-09,3.0992197593004978e-09,1.5640735625765956e-05,0.09111295532784425,0.0,1.734723475976807e-18,0.0,0.0,0.0
0.015625,0.046875,0.009542071236448466,0.0004579287635515322,0.01,302.2967297857003,263104.2830948005,-23.473387854459705,2.796155152541827e-09,4.576756583093977e-09,2.3377443426397804e-05,0.1353697266895324,0.0,1.734723475976807e-18,0.0,0.0,0.0
0.015625,0.0625,0.009394136635869304,0.0006058633641306943,0.01,303.05688274940945,267493.07208104455,-23.473387854459705,2.7711794505809457e-09,6.0077345459541576e-09,3.10551892539479e-05,0.17877255694475025,0.0,1.734723475976807e-18,0.0,0.0,0.0
0.015625,0.078125,0.009248495525404209,0.0007515044745957897,0.01,303.81419406758636,271839.97902969026,-23.473387854459705,2.746286768911983e-09,7.393242160841362e-09,3.867164571147441e-05,0.2213306042831391,0.0,1.734723475976807e-18,0.0,0.0,0.0
0.015625,0.09375,0.009105112348145717,0.0008948876518542809,0.01,304.5685877274428,276145.30314314185,-23.473387854459705,2.7214378092160102e-09,8.73434537543294e-09,4.622453855063213e-05,0.2630528484005481,0.0,1.734723475976807e-18,0.0,0.0,0.0
0.015625,0.109375,0.008963952098439525,0.0010360479015604726,0.01,305.31998901022416,280409.3392646628,-23.473387854459705,2.696677671725955e-09,1.0032088019681917e-08,5.37116475811672e-05,0.3039481014129706,0.0,3.469446951953614e-18,0.0,5.421010862427522e-20,0.0
0.015625,0.125,0.008824980313338185,0.0011750196866618125,0.01,306.0683245163053,284632.37808019086,-23.473387854459705,2.671977278109298e-09,1.1287492230824259e-08,6.113080826253281e-05,0.3440250171115622,0.0,3.469446951953614e-18,0.0,5.421010862427522e-20,0.0
0.015625,0.140625,0.008688163064187302,0.0013118369358126965,0.01,306.81352218910007,288814.70631462993,-23.473387854459705,2.6473826756538685e-09,1.2501558869712492e-08,6.847991267022735e-05,0.3832921010325663,0.0,1.734723475976807e-18,0.0,0.0,0.0
0.015625,0.15625,0.008553466948342168,0.0014465330516578298,0.01,307.55551133777396,292956.6069226217,-23.473387854459705,2.6228584395237895e-09,1.367526794235352e-08,7.575691051897593e-05,0.42175772006157786,0.0,1.734723475976807e-18,0.0,0.0,0.0
0.015625,0.171875,0.008420859081012828,0.001579140918987169,0.01,308.2942226587515,297058.3592738053,-23.473387854459705,2.5984117143281674e-09,1.4809579004099183e-08,8.295981035644218e-05,0.4594301109900698,0.0,3.469446951953614e-18,0.0,5.421010862427522e-20,0.0
0.015625,0.1875,0.008290307087235563,0.0017096929127644344,0.01,309.0295882560111,301120.23933257477,-23.473387854459705,2.5740299124153503e-09,1.5905431558632666e-08,9.008668018850585e-05,0.4963173891301267,0.0,3.469446951953614e-18,0.0,5.421010862427522e-20,0.0
0.015625,0.203125,0.008161779093968846,0.0018382209060311522,0.01,309.7615416601616,305142.5198323515,-23.473387854459705,2.5497908152446066e-09,1.6963745448281276e-08,9.71356485592878e-05,0.5324275570455939,0.0,1.734723475976807e-18,0.0,0.0,0.0
0.015625,0.21875,0.00803524372231184,0.0019647562776881587,0.01,310.49001784629735,309125.47044439154,-23.473387854459705,2.52558776113046e-09,1.798542123218616e-08,0.00010410490534695782,0.5677685124101117,0.0,1.734723475976807e-18,0.0,0.0,0.0
0.015625,0.234375,0.007910670079843534,0.0020893299201564628,0.01,311.21495325062983,313069.3579411538,-23.473387854459705,2.5015392597457313e-09,1.897134057488037e-08,0.00011099270216163859,0.602348055341281,0.0,3.469446951953614e-18,0.0,5.421010862427522e-20,0.0
0.015625,0.25,0.007788027753080655,0.002211972246919342,0.01,311.93628578589505,316974.4463542561,-23.473387854459705,2.4774973783236905e-09,1.9922366605376607e-08,0.00011779735331174379,0.6361738961422816,0.0,3.469446951953614e-18,0.0,5.421010862427522e-20,0.0
0.015625,0.265625,0.007667286800052491,0.0023327131999475057,0.01,312.6539548555382,320840.9971270545,-23.473387854459705,2.4536208000789444e-09,2.083934429013279e-08,0.00012451723620188204,0.6692536624032073,0.0,3.469446951953614e-18,0.0,5.421010862427522e-20,0.0
0.015625,0.28125,0.007548417742990849,0.0024515822570091482,0.01,313.3679013666788,324669.2692618832,-23.473387854459705,2.4298052287903385e-09,2.172310077565992e-08,0.00013115079178760425,0.7015949048218317,0.0,1.734723475976807e-18,0.0,0.0,0.0
0.015625,0.296875,0.007431391561133331,0.0025686084388666665,0.01,314.0780677418602,328459.51946199476,-23.473387854459705,2.4061335144211496e-09,2.257444574760986e-08,0.00013769652480277728,0.7332051050034352,0.0,3.469446951953614e-18,0.0,5.421010862427522e-20,0.0
0.015625,0.3125,0.0073161796836381885,0.0026838203163618082,0.01,314.7843979295896,332212.0022682492,-23.473387854459705,2.3825598122278864e-09,2.3394171770781125e-08,0.00014415300455539182,0.7640916800010018,0.0,3.469446951953614e-18,0.0,5.421010862427522e-20,0.0
0.015625,0.328125,0.007202753982609024,0.002797246017390973,0.01,315.4868374136761,335926.9701905988,-23.473387854459705,2.359116440230867e-09,2.418305462565523e-08,0.00015051886481387555,0.7942619895329699,0.0,3.469446951953614e-18,0.0,5.421010862427522e-20,0.0
0.015625,0.34375,0.007091086766227623,0.0029089132337723742,0.01,316.1853332213758,339604.6738344241,-23.473387854459705,2.3357247196345365e-09,2.4941853638861533e-08,0.00015679280375024973,0.823723339708522,0.0,3.469446951953614e-18,0.0,5.421010862427522e-20,0.0
0.015625,0.359375,0.006981150771993261,0.003018849228006736,0.01,316.8798339303534,343245.3620217752,-23.473387854459705,2.3124673913410895e-09,2.567131200236633e-08,0.0001629735849064673,0.8524829901871271,0.0,3.469446951953614e-18,0.0,5.421010862427522e-20,0.0
0.015625,0.375,0.006872919160066822,0.0031270808399331755,0.01,317.57028967447377,346849.28190758283,-23.473387854459705,2.2892823884788826e-09,2.637215709960089e-08,0.00016906003617123133,0.8805481572053395,0.0,3.469446951953614e-18,0.0,5.421010862427522e-20,0.0
0.015625,0.390625,0.006766365506718098,0.003233634493281899,0.01,318.2566521484336,350416.6790908985,-23.473387854459705,2.2662792100188255e-09,2.7045100808170686e-08,0.00017505105063264637,0.9079260193393566,0.0,3.469446951953614e-18,0.0,5.421010862427522e-20,0.0
0.015625,0.40625,0.006661463797874691,0.0033385362021253057,0.01,318.9388746112505,353947.7977212347,-23.473387854459705,2.2433512317108986e-09,2.769083981297299e-08,0.00018094558595294075,0.9346237208810635,0.0,3.469446951953614e-18,0.0,5.421010862427522e-20,0.0
0.015625,0.421875,0.0065581884227709185,0.003441811577229079,0.01,319.6169118886227,357442.88060007227,-23.473387854459705,2.2205766546979416e-09,2.8310055902834586e-08,0.00018674266436846665,0.9606483769603074,0.0,1.734723475976807e-18,0.0,0.0,0.0
0.015625,0.4375,0.006456514167695182,0.0035434858323048148,0.01,320.2907203741767,360902.16927761154,-23.473387854459705,2.197875363217438e-09,2.8903416261945314e-08,0.00019244137257601324,0.9860070759896189,0.0,3.469446951953614e-18,0.0,5.421010862427522e-20,0.0
0.015625,0.453125,0.0063564162098342855,0.003643583790165711,0.01,320.96025802962066,364325.9041448393,-23.473387854459705,2.175338627654586e-09,2.9471573765628423e-08,0.00019804086116437247,1.010706883855164,0.0,3.469446951953614e-18,0.0,5.421010862427522e-20,0.0
0.015625,0.46875,0.006257870111213171,0.003742129888786825,0.01,321.62548438382225,367714.3245209935,-23.473387854459705,2.152914418735069e-09,3.001516725963105e-08,0.00020354034467118254,1.034754847350996,0.0,5.204170427930421e-18,0.0,5.421010862427522e-20,0.0
0.015625,0.484375,0.006160851812728621,0.0038391481872713747,0.01,322.28636053083073,371067.6687365067,-23.473387854459705,2.1306710642718686e-09,3.053482183854733e-08,0.00020893910078711997,1.058157996099908,0.0,5.204170427930421e-18,0.0,5.421010862427522e-20,0.0
0.015625,0.5,0.006065337628275451,0.003934662371724544,0.01,322.94284912686345,374386.17421150923,-23.473387854459705,2.108482809065959e-09,3.103114911730265e-08,0.0002142364701853694,1.080923346336931,0.0,5.204170427930421e-18,0.0,5.421010862427522e-20,0.0
0.015625,0.515625,0.005971304238963777,0.004028695761036218,0.01,323.5949143862793,377670.07752998156,-23.473387854459705,2.0863992406403173e-09,3.150474750263782e-08,0.00021943185561212886,1.103057902888395,0.0,5.204170427930421e-18,0.0,5.421010862427522e-20,0.0
0.015625,0.53125,0.005878728687425917,0.004121271312574078,0.01,324.2425220765606,380919.6145096419,-23.473387854459705,2.0645016753626936e-09,3.195620245245029e-08,0.0002245247220002966,1.1245686611509882,0.0,5.204170427930421e-18,0.0,5.421010862427522e-20,0.0
0.015625,0.546875,0.0057875883722115756,0.0042124116277884194,0.01,324.8856395123274,384135.0202676586,-23.473387854459705,2.0427738171146125e-09,3.238608673340054e-08,0.0002295145951052291,1.1454626094782725,0.0,5.204170427930421e-18,0.0,5.421010862427522e-20,0.0
0.015625,0.5625,0.005697861042269907,0.0043021389577300884,0.01,325.52423554840766,387316.5292822806,-23.473387854459705,2.0211118430153643e-09,3.2794960676783835e-08,0.00023440106116368042,1.165746730810497,0.0,5.204170427930421e-18,0.0,5.421010862427522e-20,0.0
0.015625,0.578125,0.00560952479151713,0.004390475208482865,0.01,326.158280571988,390464.37545047747,-23.473387854459705,1.999572442738908e-09,3.3183372421391466e-08,0.00023918376626852478,1.1854280041879974,0.0,5.204170427930421e-18,0.0,5.421010862427522e-20,0.0
0.015625,0.59375,0.005522558053488369,0.004477441946511626,0.01,326.78774649387015,393578.7921416854,-23.473387854459705,1.9782195864511274e-09,3.355185816504569e-08,0.00024386241540241826,1.2045134061481804,0.0,5.204170427930421e-18,0.0,5.421010862427522e-20,0.0
0.015625,0.609375,0.005436939596072396,0.004563060403927599,0.01,327.4126067388594,396660.0122477534,-23.473387854459705,1.956954305459272e-09,3.390094239184849e-08,0.00024843677186936475,1.2230099119478837,0.0,5.204170427930421e-18,0.0,5.421010862427522e-20,0.0
0.015625,0.625,0.00535264851632802,0.004647351483671975,0.01,328.03283623531047,399708.2682291888,-23.473387854459705,1.935897565752955e-09,3.4231138117644944e-08,0.00025290665615784746,1.240924496203661,0.0,5.204170427930421e-18,0.0,5.421010862427522e-20,0.0
0.015625,0.640625,0.00526966423538082,0.004730335764619175,0.01,328.6484114038584,402723.79215779784,-23.473387854459705,1.9149448621290787e-09,3.454294711033312e-08,0.00025727194508817774,1.2582641343469732,0.0,5.204170427930421e-18,0.0,5.421010862427522e-20,0.0
0.015625,0.65625,0.005187966493399016,0.004812033506600979,0.01,329.25931014536053,405706.81575582287,-23.473387854459705,1.8941320105312233e-09,3.4836860122317015e-08,0.00026153257107353056,1.2750358022167347,0.0,5.204170427930421e-18,0.0,5.421010862427522e-20,0.0
0.015625,0.671875,0.005107535344647215,0.00489246465535278,0.01,329.8655118280782,408657.570431673,-23.473387854459705,1.8734745265463293e-09,3.511335710821434e-08,0.0002656885211536064,1.2912464776309207,0.0,5.204170427930421e-18,0.0,5.421010862427522e-20,0.0
0.015625,0.6875,0.005028351152616852,0.004971648847383143,0.01,330.46699727412494,411576.2873123512,-23.473387854459705,1.8528962204409818e-09,3.5372907441696966e-08,0.0002697398356872327,1.3069031397462822,0.0,5.204170427930421e-18,0.0,5.421010862427522e-20,0.0
0.015625,0.703125,0.004950394585232116,0.005049605414767879,0.01,331.0637487452097,414463.19727267517,-23.473387854459705,1.8325397491798768e-09,3.561597012972928e-08,0.0002736866077839295,1.322012770047877,0.0,5.204170427930421e-18,0.0,5.421010862427522e-20,0.0
0.015625,0.71875,0.00487364661013021,0.005126353389869785,0.01,331.655749927703,417318.5309613966,-23.473387854459705,1.8122964672233162e-09,3.584299401900026e-08,0.0002775289816554505,1.3365823512431234,0.0,5.204170427930421e-18,0.0,5.421010862427522e-20,0.0
0.015625,0.734375,0.004798088490014777,0.005201911509985218,0.01,332.2429859170543,420142.518824315,-23.473387854459705,1.7922321711999019e-09,3.605441800148823e-08,0.0002812671522178789,1.3506188680767082,0.0,5.204170427930421e-18,0.0,5.421010862427522e-20,0.0
0.015625,0.75,0.004723701778081362,0.005276298221918633,0.01,332.82544320158894,422935.3911244916,-23.473387854459705,1.7722431753265412e-09,3.6250671214821395e-08,0.0002849013633863251,1.3641293063410558,0.0,5.204170427930421e-18,0.0,5.421010862427522e-20,0.0
0.015625,0.765625,0.0046504683135138065,0.0053495316864861885,0.01,333.4031096457135,425697.37795965973,-23.473387854459705,1.752461091526453e-09,3.643217324350578e-08,0.0002884319072222752,1.3771206531091593,0.0,5.204170427930421e-18,0.0,5.421010862427522e-20,0.0
0.015625,0.78125,0.004578370217050446,0.005421629782949549,0.01,333.9759744725572,428428.70927693567,-23.473387854459705,1.7328014372750924e-09,3.659933430367329e-08,0.0002918591229104095,1.3895998957450502,0.0,5.204170427930421e-18,0.0,5.421010862427522e-20,0.0
0.015625,0.796875,0.004507389886619065,0.00549261011338093,0.01,334.5440282460783,431129.6148849273,-23.473387854459705,1.7133044229996786e-09,3.675255544084016e-08,0.00029518339511014346,1.4015740210888907,0.0,5.204170427930421e-18,0.0,5.421010862427522e-20,0.0
0.015625,0.8125,0.004437509993039511,0.005562490006960484,0.01,335.1072628526638,433800.32446334045,-23.473387854459705,1.6939975157248149e-09,3.6892228712052944e-08,0.00029840515333035,1.4130500153987668,0.0,5.204170427930421e-18,0.0,5.421010862427522e-20,0.0
0.015625,0.828125,0.0043687134757929395,0.0056312865242070555,0.01,335.6656714822501,436441.0675701831,-23.473387854459705,1.6747613716363424e-09,3.7018737366299737e-08,0.0003015248703377438,1.4240348629537039,0.0,5.204170427930421e-18,0.0,5.421010862427522e-20,0.0
0.015625,0.84375,0.004300983538856651,0.005699016461143344,0.01,336.2192486089931,439052.07364666346,-23.473387854459705,1.6557165027389295e-09,3.713245602839088e-08,0.00030454306102001283,1.4345355450641364,0.0,5.204170427930421e-18,0.0,5.421010862427522e-20,0.0
0.015625,0.859375,0.004234303646603496,0.005765696353396499,0.01,336.7679899715151,441633.57201987994,-23.473387854459705,1.6368706282243597e-09,3.7233750867227133e-08,0.00030746028141948045,1.4445590395480394,0.0,5.204170427930421e-18,0.0,5.421010862427522e-20,0.0
0.015625,0.875,0.0041686575197648615,0.0058313424802351336,0.01,337.3118925527563,444185.7919033995,-23.473387854459705,1.6180961900105294e-09,3.732297977707827e-08,0.0003102771269709592,1.4541123189264908,0.0,5.204170427930421e-18,0.0,5.421010862427522e-20,0.0
0.015625,0.890625,0.004104029131456239,0.005895970868543756,0.01,337.8509545594583,446708.9623958178,-23.473387854459705,1.5995149521314074e-09,3.7400492538912367e-08,0.0003129942317627865,1.4632023502490483,0.0,5.204170427930421e-18,0.0,5.421010862427522e-20,0.0
0.015625,0.90625,0.004040402703264408,0.005959597296735587,0.01,338.3851754013056,449203.31247739797,-23.473387854459705,1.5810595852360993e-09,3.746663098692926e-08,0.00031561226700205225,1.4718360927072354,0.0,5.204170427930421e-18,0.0,5.421010862427522e-20,0.0
0.015625,0.921875,0.00397776270139529,0.006022237298604705,0.01,338.91455566975327,451669.0710048768,-23.473387854459705,1.5627882795978322e-09,3.7521729173359275e-08,0.00031813193982088706,1.48002049716888,0.0,5.204170427930421e-18,0.0,5.421010862427522e-20,0.0
0.015625,0.9375,0.003916093832881517,0.006083906167118478,0.01,339.4390971165652,454106.4667045335,-23.473387854459705,1.5446484612244678e-09,3.7566113527190415e-08,0.00032055399196906365,1.4877625042572618,0.0,5.204170427930421e-18,0.0,5.421010862427522e-20,0.0
0.015625,0.953125,0.0038553810418487946,0.0061446189581512,0.01,339.9588026320903,456515.7281636072,-23.473387854459705,1.5267090077205762e-09,3.760010300725772e-08,0.0003228791988476587,1.4950690435362048,0.0,5.204170427930421e-18,0.0,5.421010862427522e-20,0.0
0.015625,0.96875,0.0037956095058401555,0.006204390494159839,0.01,340.4736762233012,458897.08382015524,-23.473387854459705,1.5089101563112627e-09,3.762400925966941e-08,0.00032510836763322004,1.501947031763848,0.0,5.204170427930421e-18,0.0,5.421010862427522e-20,0.0
0.015625,0.984375,0.0037367646321971953,0.006263235367802799,0.01,340.98372299162037,461250.76195143664,-23.473387854459705,1.491187760621591e-09,3.76381367652584e-08,0.00032724233676617587,1.5084033711464144,0.0,5.204170427930421e-18,0.0,5.421010862427522e-20,0.0
0.015625,1.0,0.0036788320544974104,0.006321167945502583,0.01,341.4889491105586,463576.99066090636,-23.473387854459705,1.4737639087008594e-09,3.7642782987033774e-08,0.0003292819740750019,1.5144449483486824,0.0,6.938893903907228e-18,0.0,5.421010862427522e-20,0.0
0.015625,1.015625,0.003621797629046773,0.006378202370953222,0.01,341.9893618031897,465875.99786390516,-23.473387854459705,1.456372996338855e-09,3.7638238515897565e-08,0.0003312281758098834,1.5200786326313391,0.0,5.204170427930421e-18,0.0,5.421010862427522e-20,0.0
0.015625,1.03125,0.0035656474314266795,0.006434352568573315,0.01,342.48496931948404,468148.0112721259,-23.473387854459705,1.4391645165002754e-09,3.762478720942264e-08,0.00033308186556268993,1.5253112743375823,0.0,5.204170427930421e-18,0.0,5.421010862427522e-20,0.0
0.015625,1.046875,0.0035103677530944366,0.006489632246905559,0.01,342.97578091352574,470393.2583769363,-23.473387854459705,1.4220754858497851e-09,3.7602706335401054e-08,0.0003348439925616731,1.530149703437928,0.0,5.204170427930421e-18,0.0,5.421010862427522e-20,0.0
0.015625,1.0625,0.003455945098036447,0.006544054901963549,0.01,343.46180682063357,472611.9664316378,-23.473387854459705,1.405274824633518e-09,3.7572266701948326e-08,0.00033651553093250186,1.5346007276093587,0.0,5.204170427930421e-18,0.0,5.421010862427522e-20,0.0
0.015625,1.078125,0.0034023661794732878,0.006597633820526708,0.01,343.9430582344096,474804.36243273504,-23.473387854459705,1.3885160992372883e-09,3.753373279714867e-08,0.00033809747816349045,1.538671131071169,0.0,5.204170427930421e-18,0.0,5.421010862427522e-20,0.0
0.015625,1.09375,0.0033496179166158657,0.00665038208338413,0.01,344.419547283735,476970.6731002924,-23.473387854459705,1.3718620173645132e-09,3.748736291612348e-08,0.00033959085391188637,1.5423676726059057,0.0,5.204170427930421e-18,0.0,5.421010862427522e-20,0.0
0.015625,1.109375,0.003297687431471866,0.00670231256852813,0.01,344.89128700973515,479111.1248574489,-23.473387854459705,1.355504240895839e-09,3.7433409290701936e-08,0.00034099669926490606,1.545697084220592,0.0,3.469446951953614e-18,0.0,5.421010862427522e-20,0.0
0.015625,1.125,0.0032465620457017125,0.006753437954298284,0.01,345.35829134273325,481225.9438091638,-23.473387854459705,1.339172507039632e-09,3.737211821518843e-08,0.00034231607463652836,1.5486660694587044,0.0,3.469446951953614e-18,0.0,5.421010862427522e-20,0.0
0.015625,1.140625,0.003196229277523269,0.006803770722476727,0.01,345.8205750792121,483315.35572026,-23.473387854459705,1.3230660359696845e-09,3.7303730169527954e-08,0.0003435500597106511,1.5512813013629057,0.0,5.204170427930421e-18,0.0,5.421010862427522e-20,0.0
0.015625,1.15625,0.0031466768386645316,0.006853323161335464,0.01,346.27815385880336,485379.5859928324,-23.473387854459705,1.3070774556111747e-09,3.72284799411704e-08,0.0003446997514515715,1.5535494217765518,0.0,5.204170427930421e-18,0.0,5.421010862427522e-20,0.0
0.015625,1.171875,0.0030978926313635605,0.006902107368636435,0.01,346.73104414132195,487418.85964308813,-23.473387854459705,1.2912494206846158e-09,3.714659674389914e-08,0.00034576626325133475,1.555477038898971,0.0,5.204170427930421e-18,0.0,5.421010862427522e-20,0.0
0.015625,1.1875,0.0030498647454149253,0.00695013525458507,0.01,347.17926318386344,489433.40127767844,-23.473387854459705,1.2756250672032095e-09,3.705830433232277e-08,0.0003467507239065526,1.5570707261795178,0.0,5.204170427930421e-18,0.0,5.421010862427522e-20,0.0
0.015625,1.203125,0.003002581455261942,0.0069974185447380524,0.01,347.6228290179819,491423.43506958516,-23.473387854459705,1.2601175135840312e-09,3.696382111766788e-08,0.0003476542764815349,1.5583370207459666,0.0,5.204170427930421e-18,0.0,5.421010862427522e-20,0.0
0.015625,1.21875,0.0029560312171339883,0.007043968782866007,0.01,348.061760426964,493389.18473362026,-23.473387854459705,1.2447624348056487e-09,3.6863360280969815e-08,0.00034847807700089106,1.559282421541866,0.0,5.204170427930421e-18,0.0,5.421010862427522e-20,0.0
0.015625,1.234375,0.0029102026662281987,0.007089797333771797,0.01,348.49607692321507,495330.8735015943,-23.473387854459705,1.2295594398580401e-09,3.675712987889074e-08,0.0003492232937105655,1.5599133883370087,0.0,5.204170427930421e-18,0.0,5.421010862427522e-20,0.0
0.015625,1.25,0.002865084613934856,0.0071349153860651385,0.01,348.9257987257733,497248.72409721033,-23.473387854459705,1.2144788653809758e-09,3.6645332955175663e-08,0.00034989110588412586,1.560236339981202,0.0,5.204170427930421e-18,0.0,5.421010862427522e-20,0.0
0.015625,1.265625,0.0028206660451057988,0.007179333954894196,0.01,349.3509467379654,499142.9587107353,-23.473387854459705,1.1996006619614377e-09,3.6528167643868487e-08,0.00035048270268589476,1.5602576524834149,0.0,5.204170427930421e-18,0.0,5.421010862427522e-20,0.0
0.015625,1.28125,0.0027769361153651734,0.007223063884634821,0.01,349.7715425252182,501013.79897349834,-23.473387854459705,1.184829213223469e-09,3.640582727382907e-08,0.0003509992823751418,1.5599836585461162,0.0,5.204170427930421e-18,0.0,5.421010862427522e-20,0.0
0.015625,1.296875,0.0027338841484618854,0.00726611585153811,0.01,350.18760829303943,502861.46593226824,-23.473387854459705,1.1702299947018319e-09,3.62785004697809e-08,0.0003514420513397454,1.5594206453533843,0.0,5.204170427930421e-18,0.0,5.421010862427522e-20,0.0
0.015625,1.3125,0.00269149963366309,0.007308500366336906,0.01,350.59916686518056,504686.1800235533,-23.473387854459705,1.1558100447639879e-09,3.614637125075662e-08,0.0003518122227887943,1.5585748539306223,0.0,5.204170427930421e-18,0.0,5.421010862427522e-20,0.0
0.015625,1.328125,0.002649772223188097,0.0073502277768118995,0.01,351.00624166199344,506488.1610478722,-23.473387854459705,1.1414801289040385e-09,3.6009619130278336e-08,0.00035211101612731,1.5574524768744595,0.0,3.469446951953614e-18,0.0,5.421010862427522e-20,0.0
0.015625,1.34375,0.002608691729682057,0.007391308270317939,0.01,351.40885667899204,508267.62814403547,-23.473387854459705,1.1273580619863412e-09,3.5868419207430585e-08,0.0003523396561604386,1.5560596578288823,0.0,3.469446951953614e-18,0.0,5.421010862427522e-20,0.0
0.015625,1.359375,0.002568248123728816,0.00743175187627118,0.01,351.80703646563114,510024.79976348096,-23.473387854459705,1.1133468821138518e-09,3.5722942265305896e-08,0.0003524993717292091,1.5544024904374965,0.0,5.204170427930421e-18,0.0,5.421010862427522e-20,0.0
0.015625,1.375,0.0025284315314023247,0.007471568468597671,0.01,352.20080610431114,511759.8936447037,-23.473387854459705,1.0994755443635543e-09,3.557335485990937e-08,0.0003525913953126292,1.5524870160152204,0.0,5.204170427930421e-18,0.0,5.421010862427522e-20,0.0
0.015625,1.390625,0.002489232231856016,0.00751076776814398,0.01,352.59019118961913,513473.12678781355,-23.473387854459705,1.085750829758936e-09,3.541981941079797e-08,0.00035261696194766046,1.550319223490078,0.0,5.204170427930421e-18,0.0,5.421010862427522e-20,0.0
0.015625,1.40625,0.002450640654949548,0.007549359345050448,0.01,352.9752178078159,515164.71542926074,-23.473387854459705,1.0722095830727433e-09,3.526249428911776e-08,0.00035257730831972367,1.5479050477733836,0.0,5.204170427930421e-18,0.0,5.421010862427522e-20,0.0
0.015625,1.421875,0.0024126473789123476,0.007587352621087649,0.01,353.3559125165765,516834.87501676095,-23.473387854459705,1.0587836976119816e-09,3.5101533904340065e-08,0.0003524736721942645,1.5452503685373813,0.0,3.469446951953614e-18,0.0,5.421010862427522e-20,0.0
0.015625,1.4375,0.0023752431280433715,0.007624756871956625,0.01,353.732302324993,518483.82018445147,-23.473387854459705,1.0455174777365415e-09,3.493708879013027e-08,0.0003523072915072589,1.5423610100406222,0.0,3.469446951953614e-18,0.0,5.421010862427522e-20,0.0
0.015625,1.453125,0.0023384187704465318,0.0076615812295534646,0.01,354.1044146738471,520111.76472831215,-23.473387854459705,1.0323725163138368e-09,3.476930568457881e-08,0.0003520794036262487,1.5392427386832424,0.0,3.469446951953614e-18,0.0,5.421010862427522e-20,0.0
0.015625,1.46875,0.00230216531580123,0.007697834684198766,0.01,354.47227741615893,521718.92158187466,-23.473387854459705,1.0194084969288031e-09,3.4598327615202595e-08,0.0003517912445545335,1.5359012635308318,0.0,5.204170427930421e-18,0.0,5.421010862427522e-20,0.0
0.015625,1.484375,0.002266473913167454,0.007733526086832542,0.01,354.83591879801924,523305.50279225304,-23.473387854459705,1.0066021378765004e-09,3.442429397570654e-08,0.0003514440483627368,1.5323422340443358,0.0,3.469446951953614e-18,0.0,5.421010862427522e-20,0.0
0.015625,1.5,0.0022313358488249046,0.007768664151175091,0.01,355.19536743970997,524871.7194965152,-23.473387854459705,9.938386264408534e-10,3.424734060621451e-08,0.00035103904622246773,1.5285712404875085,0.0,5.204170427930421e-18,0.0,5.421010862427522e-20,0.0
0.015625,1.515625,0.002196742544145622,0.007803257455854373,0.01,355.5506523171196,526417.7818984244,-23.473387854459705,9.812690045045493e-10,3.4067599868729814e-08,0.0003505774663494776,1.524593812180683,0.0,5.204170427930421e-18,0.0,5.421010862427522e-20,0.0
0.015625,1.53125,0.0021626855534995965,0.007837314446500399,0.01,355.9018027434581,527943.8992455697,-23.473387854459705,9.688622401734583e-10,3.3885200723463016e-08,0.0003500605324688877,1.5204154171515256,0.0,5.204170427930421e-18,0.0,5.421010862427522e-20,0.0
0.015625,1.546875,0.002129156562192845,0.00787084343780715,0.01,356.24884835127506,529450.2798069074,-23.473387854459705,9.566023304207043e-10,3.370026880212401e-08,0.00034948946398571934,1.51604146102909,0.0,5.204170427930421e-18,0.0,5.421010862427522e-20,0.0
0.015625,1.5625,0.002096147384437457,0.007903852615562538,0.01,356.591819074786,530937.1308507326,-23.473387854459705,9.444270718142707e-10,3.351292647904569e-08,0.00034886547507539944,1.5114772871602327,0.0,5.204170427930421e-18,0.0,5.421010862427522e-20,0.0
0.015625,1.578125,0.0020636499613531133,0.007936350038646883,0.01,356.93074513251054,532404.6586230996,-23.473387854459705,9.324198629909972e-10,3.332329294274128e-08,0.0003481897739447959,1.5067281747469679,0.0,5.204170427930421e-18,0.0,5.421010862427522e-20,0.0
0.015625,1.59375,0.0020316563589995846,0.00796834364100041,0.01,357.2656570102245,533853.0683267062,-23.473387854459705,9.206185570253412e-10,3.3131484267028e-08,0.0003474635626616873,1.5017993396613747,0.0,5.204170427930421e-18,0.0,5.421010862427522e-20,0.0
0.015625,1.609375,0.0020001587664397347,0.00799984123356026,0.01,357.59658544423013,535282.5641002589,-23.473387854459705,9.088527794439494e-10,3.293761347651289e-08,0.00034668803630211187,1.4966959324665368,0.0,5.204170427930421e-18,0.0,5.421010862427522e-20,0.0
0.015625,1.625,0.0019691494938325537,0.00803085050616744,0.01,357.92356140494525,536693.3489983316,-23.473387854459705,8.972061386485467e-10,3.2741790613379645e-08,0.0003458643825524632,1.491423039115034,0.0,5.204170427930421e-18,0.0,5.421010862427522e-20,0.0
0.015625,1.640625,0.0019386209705557563,0.008061379029444237,0.01,358.24661608081465,538085.6249717306,-23.473387854459705,8.8577068029467e-10,3.2544122803524964e-08,0.00034499378131158664,1.485985679551959,0.0,6.938893903907228e-18,0.0,5.421010862427522e-20,0.0
0.015625,1.65625,0.0019085657433574844,0.008091434256642509,0.01,358.56578086254456,539459.5928483784,-23.473387854459705,8.744837823974973e-10,3.2344714321176984e-08,0.0003440774041223449,1.480388808180578,0.0,6.938893903907228e-18,0.0,5.421010862427522e-20,0.0
0.015625,1.671875,0.0018789764745366672,0.008121023525463327,0.01,358.8810873276615,540815.4523147255,-23.473387854459705,8.632433942797581e-10,3.214366665026114e-08,0.00034311641377371416,1.474637312348932,0.0,5.204170427930421e-18,0.0,5.421010862427522e-20,0.0
0.015625,1.6875,0.0018498459401515893,0.008150154059848405,0.01,359.19256722539626,542153.4018976991,-23.473387854459705,8.522040654805435e-10,3.194107854641651e-08,0.0003421119637891934,1.4687360133975744,0.0,5.204170427930421e-18,0.0,5.421010862427522e-20,0.0
0.015625,1.703125,0.001821167028256234,0.00817883297174376,0.01,359.50025246189404,543473.6389471984,-23.473387854459705,8.41193322331599e-10,3.173704609749431e-08,0.0003410651981425872,1.462689664796926,0.0,5.204170427930421e-18,0.0,5.421010862427522e-20,0.0
0.015625,1.71875,0.001792932737163968,0.008207067262836026,0.01,359.80417508575,544776.3596191406,-23.473387854459705,8.304288399654186e-10,3.153166278167113e-08,0.0003399772509737886,1.4565029536606744,0.0,6.938893903907228e-18,0.0,5.421010862427522e-20,0.0
0.015625,1.734375,0.0017651361737381454,0.008234863826261849,0.01,360.10436727387116,546061.7588590677,-23.473387854459705,8.197220544799056e-10,3.1325019525995854e-08,0.0003388492457929715,1.4501804987667128,0.0,5.204170427930421e-18,0.0,5.421010862427522e-20,0.0
0.015625,1.75,0.0017377705517092146,0.00826222944829078,0.01,360.4008613176634,547330.0303863136,-23.473387854459705,8.092601795826596e-10,3.111720476320183e-08,0.00033768229582165077,1.4437268518377095,0.0,5.204170427930421e-18,0.0,5.421010862427522e-20,0.0
0.015625,1.765625,0.001710829190017912,0.008289170809982083,0.01,360.6936896095432,548581.3666787418,-23.473387854459705,7.987279900794768e-10,3.0908304486567534e-08,0.0003364775027989708,1.4371464961441234,0.0,5.204170427930421e-18,0.0,5.421010862427522e-20,0.0
0.015625,1.78125,0.0016843055111841465,0.008315694488815849,0.01,360.98288462977285,549815.9589580499,-23.473387854459705,7.884704085045466e-10,3.0698402304126654e-08,0.0003352359576638264,1.4304438477847725,0.0,5.204170427930421e-18,0.0,5.421010862427522e-20,0.0
0.015625,1.796875,0.0016581930397011682,0.008341806960298829,0.01,361.2684789336188,551033.9971756506,-23.473387854459705,7.782660381150475e-10,3.048757949309505e-08,0.00033395873941799437,1.4236232539406046,0.0,3.469446951953614e-18,0.0,5.421010862427522e-20,0.0
0.015625,1.8125,0.001632485400454635,0.008367514599545363,0.01,361.5505051388297,552235.6699991232,-23.473387854459705,7.681847166824353e-10,3.02759150510451e-08,0.0003326469152398204,1.416688994737342,0.0,1.734723475976807e-18,0.0,0.0,0.0
0.015625,1.828125,0.001607176317166188,0.008392823682833811,0.01,361.8289959134346,553421.1647992425,-23.473387854459705,7.582729889747323e-10,3.0063485747296864e-08,0.00033130154037053217,1.409645281615667,0.0,1.734723475976807e-18,0.0,0.0,0.0
0.015625,1.84375,0.001582259610861157,0.008417740389138843,0.01,362.1039839638582,554590.6676375808,-23.473387854459705,7.484903770119718e-10,2.985036617279141e-08,0.0003299236575458053,1.4024962584953755,0.0,0.0,0.0,0.0,0.0
0.015625,1.859375,0.001557729198360023,0.008442270801639977,0.01,362.37550202335046,555744.3632546841,-23.473387854459705,7.38764320186149e-10,2.9636628790397773e-08,0.00032851429693891987,1.3952460010768846,0.0,0.0,0.0,0.0,0.0
0.015625,1.875,0.001533579090793266,0.008466420909206733,0.01,362.64358284072955,556882.4350588202,-23.473387854459705,7.292129620891674e-10,2.9422343981316823e-08,0.0003270744761039168,1.38789851765614,0.0,1.734723475976807e-18,0.0,0.0,0.0
0.015625,1.890625,0.0015098033921392391,0.00849019660786076,0.01,362.90825916943436,558005.0651152976,-23.473387854459705,7.197398003887109e-10,2.920758009300299e-08,0.00032560519946400746,1.3804577480768785,0.0,1.734723475976807e-18,0.0,0.0,0.0
0.015625,1.90625,0.0014863962977847106,0.00851360370221529,0.01,363.16956375688443,559112.4341363496,-23.473387854459705,7.104395009713659e-10,2.8992403485351287e-08,0.0003241074583684167,1.372927566175349,0.0,0.0,0.0,0.0,0.0
0.015625,1.921875,0.0014633520931077216,0.008536647906892278,0.01,363.4275293341441,560204.7214715854,-23.473387854459705,7.011672270441512e-10,2.8776878575583267e-08,0.00032258223103553973,1.3653117768699303,0.0,0.0,0.0,0.0,0.0
0.015625,1.9375,0.001440665152082416,0.008559334847917583,0.01,363.68218860588786,561282.1050989972,-23.473387854459705,6.921058913467033e-10,2.8561067883133007e-08,0.0003210304820413512,1.3576141195371747,0.0,1.734723475976807e-18,0.0,0.0,0.0
0.015625,1.953125,0.0014183299359054977,0.008581670064094502,0.01,363.93357424066403,562344.7616165265,-23.473387854459705,6.830782792056451e-10,2.8345032072364662e-08,0.0003194531625467789,1.3498382657999173,0.0,0.0,0.0,0.0,0.0
0.015625,1.96875,0.001396340991643985,0.008603659008356015,0.01,364.18171886145217,563392.8662341775,-23.473387854459705,6.742152343979642e-10,2.812882999529004e-08,0.0003178512100134867,1.3419878211570904,0.0,0.0,0.0,0.0,0.0
0.015625,1.984375,0.001374692950903928,0.008625307049096073,0.01,364.42665503651256,564426.5927666777,-23.473387854459705,6.654120756254203e-10,2.7912518733418795e-08,0.0003162255481470311,1.3340663251001388,0.0,1.734723475976807e-18,0.0,5.421010862427522e-20,0.0
0.015625,2.0,0.001353380528519765,0.008646619471480236,0.01,364.6684152705222,565446.1136266771,-23.473387854459705,6.567195446421673e-10,2.7696153638090762e-08,0.00031457708684001773,1.3260772512294352,0.0,1.734723475976807e-18,0.0,5.421010862427522e-20,0.0
